ciclo,zona,timestamp,nivel_clasificado,es_alerta,if_score,if_detectado,if_tipo,real_CH4,real_CO,real_CO2,real_O2,real_H2S,pred_CH4_p1,pred_CH4_p2,pred_CH4_p3,pred_CH4_p4,pred_CH4_p5,pred_CH4_p6,pred_CO_p1,pred_CO_p2,pred_CO_p3,pred_CO_p4,pred_CO_p5,pred_CO_p6,pred_CO2_p1,pred_CO2_p2,pred_CO2_p3,pred_CO2_p4,pred_CO2_p5,pred_CO2_p6,pred_O2_p1,pred_O2_p2,pred_O2_p3,pred_O2_p4,pred_O2_p5,pred_O2_p6,pred_H2S_p1,pred_H2S_p2,pred_H2S_p3,pred_H2S_p4,pred_H2S_p5,pred_H2S_p6
1,Frente_B_Mongua,2026-06-08T11:48:04.127641,PRECAUCIÓN,False,0.6251,True,patron_multivariado,0.2452,10.0683,0.2065,20.2658,0.1313,0.2486,0.2408,0.228,0.2403,0.2403,0.2374,8.5026,8.5512,8.6575,9.1643,9.1212,9.3381,0.0937,0.1015,0.1147,0.1182,0.1227,0.1326,20.6451,20.623,20.6347,20.628,20.6348,20.6451,0.8002,0.6963,0.4932,0.5347,0.4751,0.6403
2,Galeria_Central,2026-06-08T11:48:05.173277,PRECAUCIÓN,False,0.6754,True,patron_incendio,0.0998,18.227,0.4976,20.3692,0.0825,0.2076,0.2061,0.213,0.2192,0.2152,0.2059,6.0001,5.3478,4.7168,4.5549,4.6839,4.5504,0.0923,0.0886,0.0896,0.083,0.0787,0.082,20.7354,20.737,20.7422,20.7388,20.7413,20.7516,0.6068,0.6213,0.655,0.6083,0.5752,0.6172
3,Bocamina,2026-06-08T11:48:06.216094,PRECAUCIÓN,False,0.6421,True,incremento_brusco,0.4804,3.7749,0.1171,20.1461,0.0405,0.1672,0.1606,0.1617,0.1527,0.1553,0.1666,5.2926,5.9368,6.4889,5.3913,5.8681,6.5166,0.077,0.0814,0.0877,0.0866,0.0915,0.0929,20.7655,20.7549,20.7685,20.7636,20.7629,20.7595,0.2154,0.1911,0.1605,0.2332,0.375,0.391
4,Frente_A_Sogamoso,2026-06-08T11:48:07.248622,PRECAUCIÓN,False,0.6332,True,patron_incendio,0.3712,9.868,0.2497,20.1403,0.1792,0.2691,0.2609,0.2682,0.2703,0.2842,0.2829,8.2751,8.7021,8.0376,7.3099,6.9178,6.2821,0.1334,0.1233,0.1147,0.1109,0.1131,0.1114,20.7142,20.6946,20.6869,20.6936,20.7052,20.6967,0.9,0.9,0.9,0.8021,0.4598,0.3146
5,Frente_B_Mongua,2026-06-08T11:48:08.286312,PRECAUCIÓN,False,0.6204,True,patron_multivariado,0.2258,8.6696,0.1871,20.3235,0.1307,0.2485,0.2398,0.2268,0.24,0.2397,0.2366,8.4308,8.4749,8.5122,8.9863,8.9414,9.2285,0.0924,0.1004,0.1132,0.1174,0.1222,0.1319,20.6445,20.6247,20.6361,20.6299,20.6367,20.6452,0.8013,0.7053,0.4943,0.5426,0.482,0.645
6,Galeria_Central,2026-06-08T11:48:09.334394,PRECAUCIÓN,False,0.6828,True,patron_multivariado,0.0999,19.1305,0.5286,20.3218,0.0794,0.2115,0.2102,0.2177,0.2247,0.2192,0.2083,5.9671,5.255,4.5732,4.3433,4.4814,4.2757,0.0921,0.0881,0.0896,0.0818,0.0769,0.0804,20.7373,20.7371,20.7427,20.7381,20.7399,20.7511,0.5978,0.6096,0.6497,0.6094,0.5691,0.615
7,Bocamina,2026-06-08T11:48:10.376487,PRECAUCIÓN,False,0.6418,True,incremento_brusco,0.5301,3.3319,0.103,20.0406,0.0404,0.1649,0.1584,0.16,0.1519,0.1548,0.1658,5.4237,6.0607,6.5552,5.3639,5.7869,6.4236,0.0788,0.0825,0.0885,0.0867,0.0914,0.0926,20.7626,20.7506,20.7663,20.7617,20.7603,20.7563,0.1935,0.1717,0.1354,0.2178,0.3822,0.3823
8,Frente_A_Sogamoso,2026-06-08T11:48:11.420907,PRECAUCIÓN,False,0.6339,True,patron_incendio,0.3478,11.0481,0.2851,20.1754,0.1859,0.2674,0.259,0.265,0.2658,0.2796,0.2783,8.0027,8.4368,7.7098,6.9833,6.6332,6.0327,0.1301,0.1207,0.1121,0.1084,0.1104,0.1088,20.7161,20.6977,20.6898,20.6975,20.7069,20.6969,0.9,0.9,0.9,0.7705,0.4364,0.2918
9,Frente_B_Mongua,2026-06-08T11:48:12.460311,PRECAUCIÓN,False,0.6202,True,patron_multivariado,0.2203,7.6098,0.17,20.3717,0.1236,0.248,0.2383,0.2254,0.2395,0.2389,0.2359,8.3469,8.3961,8.373,8.8033,8.7633,9.1096,0.0914,0.0997,0.1119,0.1167,0.1217,0.1312,20.6448,20.6271,20.6383,20.6326,20.639,20.6457,0.7952,0.7095,0.4948,0.5492,0.4876,0.6489
10,Galeria_Central,2026-06-08T11:48:13.511395,PRECAUCIÓN,False,0.6688,True,patron_multivariado,0.1012,15.0182,0.4356,20.3142,0.077,0.215,0.214,0.2224,0.2301,0.2227,0.2101,5.899,5.1075,4.3602,4.0825,4.2275,3.9481,0.0917,0.0871,0.0894,0.08,0.0747,0.0782,20.7377,20.7357,20.7419,20.7363,20.7377,20.7501,0.5918,0.6015,0.6469,0.6107,0.5625,0.6098
11,Bocamina,2026-06-08T11:48:14.554216,PRECAUCIÓN,False,0.6369,True,patron_multivariado,0.3989,2.8795,0.0917,20.0374,0.0406,0.1623,0.1559,0.1584,0.1516,0.1547,0.165,5.5221,6.152,6.6025,5.2959,5.6961,6.3184,0.0801,0.0831,0.089,0.0864,0.0913,0.0923,20.7588,20.7453,20.7635,20.7591,20.7573,20.7526,0.1685,0.1522,0.1098,0.2005,0.3906,0.3738
12,Frente_A_Sogamoso,2026-06-08T11:48:15.592014,PRECAUCIÓN,False,0.6365,True,patron_incendio,0.333,11.5952,0.3119,20.206,0.1902,0.2645,0.2562,0.2611,0.2611,0.2747,0.274,7.7872,8.245,7.4617,6.7552,6.4521,5.8944,0.1278,0.1193,0.1108,0.107,0.109,0.1074,20.7177,20.7002,20.6919,20.7,20.7071,20.6955,0.9,0.9,0.9,0.7414,0.4159,0.2726
13,Frente_B_Mongua,2026-06-08T11:48:16.645301,PRECAUCIÓN,False,0.6265,True,patron_incendio,0.2126,10.5466,0.2241,20.4094,0.1208,0.247,0.2365,0.2238,0.2387,0.2381,0.235,8.2572,8.319,8.2467,8.6258,8.5949,8.9898,0.0908,0.0992,0.1106,0.116,0.1212,0.1305,20.6459,20.6302,20.641,20.6358,20.6415,20.6467,0.7832,0.7092,0.4944,0.5542,0.4918,0.6516
14,Galeria_Central,2026-06-08T11:48:17.689276,PRECAUCIÓN,False,0.6636,True,patron_multivariado,0.1029,11.8288,0.3608,20.3227,0.078,0.2157,0.2156,0.225,0.2338,0.225,0.2113,5.7303,4.85,4.0549,3.7797,3.9309,3.6168,0.0903,0.0855,0.0882,0.078,0.0724,0.0762,20.7377,20.735,20.7419,20.7359,20.7372,20.7513,0.587,0.5958,0.6435,0.6056,0.553,0.599
15,Bocamina,2026-06-08T11:48:18.730519,PRECAUCIÓN,False,0.6216,True,patron_multivariado,0.3012,2.6166,0.0823,20.082,0.04,0.1604,0.1536,0.1573,0.1517,0.1549,0.1643,5.5838,6.2166,6.6323,5.1963,5.6189,6.2126,0.0808,0.0833,0.0892,0.0859,0.0912,0.0921,20.7548,20.7398,20.7604,20.7564,20.7543,20.7489,0.1459,0.138,0.0883,0.1839,0.3968,0.3653
16,Frente_A_Sogamoso,2026-06-08T11:48:19.772158,PRECAUCIÓN,False,0.6329,True,patron_multivariado,0.316,10.1366,0.2703,20.2407,0.1898,0.261,0.2527,0.2571,0.2564,0.2701,0.2703,7.6369,8.1308,7.3033,6.633,6.3794,5.8637,0.1266,0.119,0.1108,0.1067,0.1089,0.1072,20.7191,20.7022,20.6932,20.7013,20.7062,20.693,0.9,0.9,0.9,0.7161,0.3986,0.2575
17,Frente_B_Mongua,2026-06-08T11:48:20.809756,PRECAUCIÓN,False,0.6349,True,patron_incendio,0.2068,12.7571,0.2704,20.4143,0.1205,0.2464,0.2352,0.2227,0.2379,0.2374,0.234,8.17,8.2433,8.1263,8.464,8.448,8.8838,0.0904,0.0988,0.1096,0.1154,0.1207,0.1299,20.6473,20.6336,20.6442,20.6395,20.6446,20.6483,0.7725,0.7091,0.4973,0.5618,0.4998,0.6564
18,Galeria_Central,2026-06-08T11:48:21.861791,PRECAUCIÓN,False,0.6606,True,patron_multivariado,0.1049,9.6255,0.3011,20.3668,0.0803,0.2132,0.2145,0.2252,0.2353,0.226,0.2123,5.4534,4.4882,3.6868,3.4684,3.6395,3.3314,0.0883,0.0833,0.0863,0.076,0.0705,0.0747,20.7384,20.7362,20.7438,20.738,20.739,20.7552,0.5805,0.5877,0.635,0.5917,0.5391,0.5825
19,Bocamina,2026-06-08T11:48:22.911406,SEGURO,False,0.6165,False,,0.2317,2.3193,0.075,20.1657,0.0386,0.1596,0.1518,0.1568,0.1519,0.1551,0.1635,5.6261,6.274,6.654,5.0864,5.5715,6.1212,0.0809,0.0833,0.0891,0.0852,0.091,0.0921,20.7509,20.7348,20.7573,20.7537,20.7517,20.7456,0.1294,0.1318,0.0741,0.1703,0.3998,0.3565
20,Frente_A_Sogamoso,2026-06-08T11:48:23.940696,PRECAUCIÓN,False,0.6327,True,patron_multivariado,0.3079,9.1114,0.2384,20.2871,0.1948,0.2577,0.2495,0.2534,0.2522,0.2662,0.2672,7.5195,8.0445,7.2012,6.5805,6.3764,5.9046,0.1258,0.1191,0.1113,0.107,0.1095,0.1076,20.7194,20.7034,20.6936,20.7015,20.7046,20.6904,0.9,0.9,0.9,0.6908,0.3827,0.2446
21,Frente_B_Mongua,2026-06-08T11:48:24.978685,PRECAUCIÓN,False,0.637,True,patron_incendio,0.2016,14.2668,0.3068,20.4169,0.1181,0.2466,0.2348,0.2229,0.2376,0.2367,0.2331,8.0905,8.1667,8.0072,8.3199,8.3224,8.797,0.09,0.0986,0.1087,0.1148,0.12,0.1293,20.6488,20.6371,20.6476,20.6435,20.6481,20.6502,0.7672,0.7122,0.5058,0.5733,0.5132,0.6643
22,Galeria_Central,2026-06-08T11:48:26.025043,PRECAUCIÓN,False,0.6509,True,patron_multivariado,0.1038,7.9814,0.2528,20.4085,0.08,0.2085,0.2114,0.2235,0.2352,0.2265,0.2134,5.1075,4.0707,3.3179,3.1955,3.405,3.1332,0.0858,0.0808,0.0839,0.0743,0.0692,0.074,20.7403,20.7396,20.7478,20.7424,20.7429,20.7608,0.572,0.5762,0.6208,0.5718,0.5236,0.5647
23,Bocamina,2026-06-08T11:48:27.061970,SEGURO,False,0.6083,False,,0.1792,2.1897,0.0688,20.254,0.0397,0.1597,0.1506,0.1566,0.1521,0.1553,0.1629,5.6633,6.3396,6.6795,4.9926,5.565,6.0567,0.0809,0.0833,0.0889,0.0848,0.091,0.0923,20.7477,20.7308,20.7547,20.7514,20.7495,20.743,0.1198,0.1326,0.0729,0.1633,0.4004,0.3482
24,Frente_A_Sogamoso,2026-06-08T11:48:28.100352,PRECAUCIÓN,False,0.6252,True,patron_multivariado,0.3019,8.0451,0.2089,20.3292,0.1955,0.2551,0.247,0.2504,0.2487,0.263,0.2648,7.4288,7.9703,7.1351,6.5721,6.4127,5.9877,0.1249,0.1191,0.1119,0.1075,0.1102,0.1083,20.7186,20.7038,20.6932,20.7009,20.7027,20.6879,0.9,0.9,0.9,0.6632,0.3673,0.2332
25,Frente_B_Mongua,2026-06-08T11:48:29.150957,PRECAUCIÓN,False,0.6405,True,patron_incendio,0.1943,15.4508,0.3369,20.4066,0.1174,0.2477,0.2355,0.2243,0.2379,0.2364,0.2325,8.0178,8.0876,7.8868,8.1907,8.2133,8.7284,0.0898,0.0985,0.1079,0.1144,0.1193,0.1288,20.6504,20.6406,20.6511,20.6479,20.6518,20.6524,0.768,0.7191,0.52,0.588,0.5313,0.6751
26,Galeria_Central,2026-06-08T11:48:30.198193,PRECAUCIÓN,False,0.6476,True,patron_multivariado,0.1052,6.8032,0.2139,20.4539,0.0796,0.2031,0.2073,0.2206,0.234,0.2267,0.215,4.7486,3.6642,3.0091,2.9976,3.2544,3.0378,0.0833,0.0785,0.0815,0.0731,0.0686,0.0742,20.7437,20.7449,20.7534,20.7484,20.748,20.7672,0.5602,0.5596,0.6008,0.5476,0.5067,0.5472
27,Bocamina,2026-06-08T11:48:31.240969,SEGURO,False,0.6052,False,,0.1417,1.9938,0.0638,20.3434,0.0403,0.1606,0.1499,0.1567,0.1522,0.1555,0.1623,5.7045,6.421,6.714,4.9332,5.6012,6.0237,0.081,0.0835,0.0888,0.0845,0.091,0.0924,20.7455,20.7282,20.7526,20.7496,20.7481,20.7413,0.1175,0.1397,0.0768,0.1592,0.3971,0.3391
28,Frente_A_Sogamoso,2026-06-08T11:48:32.282462,PRECAUCIÓN,False,0.6232,True,patron_multivariado,0.2964,7.5464,0.1893,20.3865,0.1985,0.2533,0.2452,0.2482,0.246,0.2604,0.2628,7.3562,7.8975,7.0859,6.5851,6.4639,6.0894,0.1239,0.1188,0.1123,0.1079,0.1108,0.1088,20.7169,20.7035,20.6922,20.6996,20.7006,20.6857,0.9,0.9,0.9,0.6329,0.3522,0.2233
29,Frente_B_Mongua,2026-06-08T11:48:33.325538,PRECAUCIÓN,False,0.6405,True,patron_incendio,0.1951,16.4532,0.361,20.3937,0.1198,0.2497,0.2372,0.2269,0.2388,0.2365,0.2322,7.9486,8.0038,7.7632,8.0732,8.1162,8.6757,0.0896,0.0984,0.1073,0.1141,0.1186,0.1283,20.6521,20.644,20.6548,20.6522,20.6556,20.6548,0.7745,0.7297,0.5395,0.6051,0.5528,0.6885
30,Galeria_Central,2026-06-08T11:48:34.366025,SEGURO,False,0.6458,True,patron_multivariado,0.1022,5.8544,0.1853,20.5057,0.0788,0.1978,0.2029,0.2176,0.2323,0.2272,0.2171,4.4251,3.3202,2.7983,2.8924,3.1944,3.042,0.081,0.0764,0.0794,0.0726,0.0688,0.075,20.7483,20.7512,20.7598,20.7551,20.7533,20.7732,0.5468,0.5404,0.5775,0.5223,0.4902,0.5319
31,Bocamina,2026-06-08T11:48:35.411976,SEGURO,False,0.6036,False,,0.1114,1.9682,0.0612,20.4281,0.039,0.1619,0.1497,0.1568,0.1521,0.1555,0.1618,5.7538,6.5193,6.759,4.9184,5.6761,6.0214,0.0812,0.0839,0.0887,0.0845,0.091,0.0925,20.7443,20.727,20.7514,20.7486,20.7473,20.7405,0.1217,0.1516,0.0834,0.1571,0.3902,0.3293
32,Frente_A_Sogamoso,2026-06-08T11:48:36.457543,PRECAUCIÓN,False,0.6235,True,patron_multivariado,0.293,7.2581,0.1727,20.4269,0.1907,0.2522,0.2442,0.2467,0.2438,0.2582,0.2612,7.2997,7.8253,7.0446,6.6087,6.5209,6.2003,0.1227,0.1183,0.1125,0.1082,0.1112,0.1093,20.7144,20.7027,20.6907,20.698,20.6983,20.6837,0.9,0.9,0.9,0.5998,0.3379,0.2156
33,Frente_B_Mongua,2026-06-08T11:48:37.495026,PRECAUCIÓN,False,0.6467,True,patron_multivariado,0.1994,17.1166,0.3801,20.3721,0.1198,0.2524,0.2396,0.2306,0.2402,0.2369,0.2324,7.8849,7.9198,7.6405,7.9694,8.0307,8.6381,0.0896,0.0985,0.1068,0.1139,0.1178,0.1278,20.6539,20.6472,20.6583,20.6564,20.6593,20.6573,0.7858,0.7438,0.5631,0.6234,0.5759,0.7035
34,Galeria_Central,2026-06-08T11:48:38.538161,PRECAUCIÓN,False,0.6435,True,incremento_brusco,0.2695,5.2339,0.1602,20.4529,0.0791,0.1934,0.1992,0.2149,0.2308,0.2282,0.2195,4.17,3.0705,2.7006,2.8804,3.2185,3.1325,0.0791,0.0748,0.0777,0.0726,0.0694,0.0763,20.7534,20.7575,20.766,20.7614,20.7577,20.7777,0.5347,0.5219,0.554,0.4989,0.475,0.5195
35,Bocamina,2026-06-08T11:48:39.581973,SEGURO,False,0.603,False,,0.0919,1.9491,0.0593,20.4992,0.0401,0.1635,0.1497,0.1569,0.1519,0.1554,0.1612,5.8096,6.63,6.8123,4.9507,5.7815,6.0445,0.0817,0.0845,0.0886,0.0847,0.0909,0.0925,20.7443,20.7273,20.751,20.7483,20.7473,20.7407,0.1314,0.1667,0.0917,0.1568,0.3806,0.319
36,Frente_A_Sogamoso,2026-06-08T11:48:40.616312,PRECAUCIÓN,False,0.6223,True,patron_multivariado,0.2992,6.8334,0.1596,20.4602,0.1863,0.2517,0.2437,0.2458,0.2422,0.2562,0.2597,7.2613,7.7587,7.0065,6.636,6.5781,6.3131,0.1214,0.1175,0.1124,0.1084,0.1115,0.1097,20.7115,20.7014,20.689,20.6961,20.6959,20.6819,0.9,0.9,0.8907,0.5657,0.3251,0.2107
37,Frente_B_Mongua,2026-06-08T11:48:41.657487,PRECAUCIÓN,False,0.637,True,patron_multivariado,0.2047,13.8375,0.3248,20.3848,0.1209,0.2555,0.2427,0.235,0.2423,0.2376,0.233,7.8275,7.8386,7.5234,7.8815,7.9589,8.6152,0.0896,0.0987,0.1065,0.1137,0.117,0.1274,20.6557,20.6501,20.6617,20.6603,20.6627,20.6597,0.8008,0.7602,0.5896,0.6423,0.5996,0.7196
38,Galeria_Central,2026-06-08T11:48:42.703175,PRECAUCIÓN,False,0.6433,True,incremento_brusco,0.3971,4.7282,0.1418,20.3489,0.0781,0.1903,0.1959,0.2125,0.229,0.2286,0.2213,3.9952,2.9244,2.7041,2.9524,3.2879,3.2439,0.0777,0.0736,0.0763,0.073,0.0703,0.0777,20.7595,20.7638,20.7717,20.7663,20.7607,20.7803,0.5267,0.5089,0.5357,0.4824,0.4677,0.5157
39,Bocamina,2026-06-08T11:48:43.753384,SEGURO,False,0.6032,False,,0.0736,1.8234,0.0574,20.5634,0.0405,0.165,0.1498,0.1568,0.1515,0.1552,0.1605,5.8698,6.7459,6.8694,5.0256,5.9061,6.0857,0.0825,0.0854,0.0886,0.0851,0.0908,0.0923,20.7453,20.7289,20.7514,20.7488,20.748,20.7419,0.145,0.1836,0.101,0.1582,0.3693,0.3088
40,Frente_A_Sogamoso,2026-06-08T11:48:44.789335,PRECAUCIÓN,False,0.6204,True,patron_multivariado,0.2867,6.4855,0.1504,20.5018,0.1881,0.2518,0.244,0.2456,0.2411,0.2547,0.2586,7.2375,7.6993,6.9667,6.6564,6.6247,6.41,0.1201,0.1166,0.1121,0.1084,0.1117,0.11,20.709,20.7005,20.6878,20.6948,20.6941,20.681,0.9,0.9,0.8424,0.5323,0.3141,0.2088
41,Frente_B_Mongua,2026-06-08T11:48:45.839035,PRECAUCIÓN,False,0.6341,True,patron_multivariado,0.2058,11.2787,0.2798,20.4023,0.1254,0.2581,0.2455,0.2392,0.2445,0.2386,0.234,7.7806,7.7726,7.4287,7.8073,7.8956,8.5959,0.0901,0.0991,0.1063,0.1137,0.1163,0.127,20.658,20.653,20.6648,20.6636,20.6655,20.6619,0.8122,0.7735,0.613,0.6569,0.618,0.7322
42,Galeria_Central,2026-06-08T11:48:46.888542,PRECAUCIÓN,False,0.6446,True,incremento_brusco,0.4896,4.2382,0.1285,20.2296,0.0769,0.1879,0.1924,0.2097,0.226,0.2275,0.2214,3.9043,2.8706,2.7732,3.0742,3.3456,3.3187,0.0767,0.0727,0.075,0.0732,0.0708,0.0787,20.7662,20.7696,20.7763,20.7692,20.7615,20.7806,0.5289,0.5086,0.531,0.4784,0.4729,0.5239
43,Bocamina,2026-06-08T11:48:47.936703,SEGURO,False,0.6022,False,,0.0631,1.7671,0.0552,20.6201,0.0398,0.1664,0.15,0.1564,0.151,0.1547,0.1597,5.9345,6.861,6.9243,5.1342,6.0396,6.1382,0.0834,0.0864,0.0887,0.0856,0.0907,0.0919,20.7473,20.7317,20.7527,20.75,20.7495,20.744,0.162,0.2016,0.1176,0.1649,0.359,0.3
44,Frente_A_Sogamoso,2026-06-08T11:48:48.989819,SEGURO,False,0.6162,True,patron_multivariado,0.29,6.3336,0.1473,20.5157,0.1833,0.252,0.2444,0.2455,0.2403,0.2531,0.2576,7.2343,7.6533,6.9378,6.6907,6.6856,6.5214,0.1187,0.1156,0.1118,0.1085,0.1118,0.1103,20.7058,20.6987,20.686,20.6927,20.6916,20.6794,0.8608,0.8469,0.793,0.5002,0.3062,0.2105
45,Frente_B_Mongua,2026-06-08T11:48:50.037333,PRECAUCIÓN,False,0.6257,True,patron_multivariado,0.2032,9.4651,0.2423,20.4209,0.1224,0.2598,0.2475,0.2426,0.2465,0.2396,0.2352,7.7454,7.7263,7.3632,7.7494,7.8426,8.5779,0.0909,0.0997,0.1063,0.1138,0.1159,0.1267,20.6606,20.6557,20.6676,20.6663,20.6677,20.664,0.8169,0.7812,0.6306,0.666,0.63,0.7406
46,Galeria_Central,2026-06-08T11:48:51.069502,PRECAUCIÓN,False,0.647,True,incremento_brusco,0.5561,4.1245,0.1186,20.0982,0.0773,0.185,0.1878,0.2058,0.2213,0.2241,0.2191,3.8756,2.8768,2.8688,3.207,3.3485,3.3188,0.0758,0.0717,0.0733,0.073,0.0706,0.0789,20.7729,20.7743,20.7792,20.7697,20.7598,20.7784,0.5435,0.5239,0.5438,0.4888,0.4914,0.5438
47,Bocamina,2026-06-08T11:48:52.104070,SEGURO,False,0.6005,False,,0.0537,1.7201,0.0534,20.6718,0.0375,0.1674,0.1502,0.1557,0.1503,0.1541,0.1587,6.0016,6.969,6.9729,5.2671,6.1717,6.1948,0.0844,0.0875,0.0887,0.0861,0.0905,0.0914,20.7501,20.7356,20.7548,20.7521,20.7517,20.7469,0.1808,0.2197,0.1368,0.1742,0.3492,0.2923
48,Frente_A_Sogamoso,2026-06-08T11:48:53.142775,SEGURO,False,0.6129,True,patron_multivariado,0.2934,6.0349,0.1401,20.5291,0.1893,0.2523,0.2449,0.2456,0.2397,0.2515,0.2566,7.2605,7.633,6.9278,6.7425,6.7626,6.6479,0.1175,0.1147,0.1116,0.1086,0.112,0.1107,20.7018,20.6961,20.6834,20.6899,20.6882,20.6771,0.7963,0.7887,0.7462,0.4722,0.3022,0.2164
49,Frente_B_Mongua,2026-06-08T11:48:54.188547,PRECAUCIÓN,False,0.6204,True,patron_multivariado,0.2036,8.1795,0.2112,20.4517,0.1217,0.2603,0.2486,0.245,0.2481,0.2405,0.2364,7.7237,7.7012,7.3286,7.709,7.8002,8.5606,0.092,0.1004,0.1064,0.114,0.1156,0.1265,20.6635,20.6584,20.6701,20.6685,20.6692,20.6658,0.8144,0.7831,0.6415,0.6698,0.636,0.7445
50,Galeria_Central,2026-06-08T11:48:55.230896,PRECAUCIÓN,False,0.6464,True,incremento_brusco,0.6085,3.8687,0.1091,19.9725,0.0791,0.1793,0.1799,0.1987,0.2128,0.2166,0.2124,3.8822,2.8868,2.9202,3.2669,3.2198,3.1746,0.0741,0.0698,0.0704,0.0715,0.0687,0.0775,20.7765,20.7751,20.7777,20.7652,20.7533,20.7717,0.6022,0.5874,0.6067,0.5413,0.5481,0.5971
51,Bocamina,2026-06-08T11:48:56.271695,SEGURO,False,0.6027,False,,0.0453,1.8338,0.0521,20.7178,0.038,0.168,0.1502,0.1547,0.1496,0.1533,0.1574,6.0686,7.0648,7.0119,5.4148,6.2948,6.25,0.0855,0.0887,0.0888,0.0866,0.0902,0.0908,20.7536,20.7402,20.7575,20.7547,20.7546,20.7506,0.2004,0.2369,0.1566,0.1848,0.3396,0.2856
52,Frente_A_Sogamoso,2026-06-08T11:48:57.309666,SEGURO,False,0.6127,False,,0.2893,6.0798,0.138,20.5376,0.181,0.2525,0.2454,0.2457,0.2393,0.2501,0.2558,7.3136,7.6375,6.9378,6.8116,6.8552,6.7874,0.1164,0.1138,0.1114,0.1088,0.1123,0.1112,20.6973,20.6925,20.6802,20.6864,20.6841,20.6741,0.7366,0.7345,0.7029,0.4491,0.3021,0.2261
53,Frente_B_Mongua,2026-06-08T11:48:58.361922,PRECAUCIÓN,False,0.6202,True,patron_multivariado,0.2045,7.1439,0.1872,20.4775,0.1236,0.2597,0.2488,0.2463,0.2492,0.2413,0.2375,7.7193,7.6994,7.3256,7.687,7.7696,8.5445,0.0933,0.1013,0.1067,0.1142,0.1156,0.1264,20.6664,20.6609,20.6723,20.6702,20.6704,20.6676,0.8056,0.7795,0.6456,0.6688,0.6368,0.7438
54,Galeria_Central,2026-06-08T11:48:59.411054,PRECAUCIÓN,False,0.6508,True,incremento_brusco,0.6475,3.7171,0.1018,19.862,0.0764,0.17,0.1682,0.1879,0.2002,0.2052,0.2015,3.8739,2.8637,2.9099,3.2402,2.9525,2.8846,0.0715,0.0669,0.0664,0.0688,0.0653,0.0745,20.7772,20.7725,20.7723,20.7564,20.7427,20.7612,0.6963,0.6899,0.7092,0.6264,0.6329,0.6724
55,Bocamina,2026-06-08T11:49:00.459786,SEGURO,False,0.6015,False,,0.0403,1.7803,0.0519,20.7499,0.0391,0.1683,0.1502,0.1535,0.1487,0.1525,0.1561,6.1333,7.1444,7.0382,5.5682,6.4034,6.2997,0.0866,0.0898,0.0889,0.0871,0.0899,0.09,20.7574,20.7455,20.7608,20.7579,20.7579,20.7548,0.2198,0.2528,0.1764,0.1961,0.3303,0.2798
56,Frente_A_Sogamoso,2026-06-08T11:49:01.503590,SEGURO,False,0.6129,False,,0.2872,5.9096,0.1359,20.5501,0.1816,0.2527,0.2458,0.2458,0.2391,0.2487,0.2551,7.3921,7.665,6.9676,6.8968,6.9635,6.9404,0.1155,0.1131,0.1113,0.109,0.1126,0.1117,20.6921,20.6881,20.6763,20.682,20.6792,20.6702,0.6835,0.6855,0.6643,0.4315,0.3059,0.239
57,Frente_B_Mongua,2026-06-08T11:49:02.548318,SEGURO,False,0.6145,False,,0.2039,6.5355,0.1676,20.514,0.1203,0.2584,0.2483,0.2466,0.2498,0.2419,0.2384,7.7319,7.719,7.3512,7.6831,7.7515,8.53,0.0948,0.1022,0.107,0.1144,0.1157,0.1264,20.6692,20.6632,20.6741,20.6716,20.6712,20.6693,0.7917,0.7714,0.6439,0.6639,0.6336,0.7393
58,Galeria_Central,2026-06-08T11:49:03.589644,PRECAUCIÓN,False,0.6507,True,patron_multivariado,0.6747,3.4886,0.0967,19.7732,0.0784,0.1569,0.1525,0.1735,0.1838,0.19,0.1867,3.8077,2.7737,2.8189,3.1134,2.5456,2.4527,0.0677,0.0629,0.0612,0.0648,0.0605,0.0701,20.7742,20.7658,20.7629,20.7434,20.7277,20.7468,0.8244,0.8288,0.8458,0.7396,0.7398,0.7621
59,Bocamina,2026-06-08T11:49:04.632124,SEGURO,False,0.6007,False,,0.0371,1.7574,0.0506,20.7729,0.0396,0.1681,0.1499,0.1521,0.1477,0.1515,0.1546,6.1951,7.2055,7.0514,5.7192,6.4937,6.3416,0.0877,0.0908,0.0891,0.0876,0.0896,0.0892,20.7615,20.7511,20.7645,20.7616,20.7617,20.7594,0.2383,0.267,0.1956,0.2078,0.3217,0.2751
60,Frente_A_Sogamoso,2026-06-08T11:49:05.681208,SEGURO,False,0.6127,False,,0.2868,5.748,0.1346,20.5559,0.1831,0.2529,0.2464,0.2462,0.2392,0.2476,0.2547,7.4746,7.6995,7.0009,6.9763,7.0649,7.0777,0.1148,0.1125,0.1112,0.1092,0.113,0.1122,20.6876,20.6841,20.6729,20.6782,20.6748,20.6667,0.6381,0.6437,0.6318,0.4183,0.3121,0.2534
61,Frente_B_Mongua,2026-06-08T11:49:06.721743,PRECAUCIÓN,False,0.62,True,patron_multivariado,0.2034,9.0503,0.1799,20.5286,0.12,0.2565,0.2474,0.2462,0.25,0.2423,0.239,7.762,7.7585,7.4008,7.6946,7.745,8.5161,0.0964,0.1031,0.1074,0.1146,0.116,0.1264,20.6718,20.6655,20.6758,20.6728,20.672,20.6711,0.774,0.7597,0.6374,0.6558,0.6274,0.7313
62,Galeria_Central,2026-06-08T11:49:07.760055,PRECAUCIÓN,False,0.6451,True,patron_multivariado,0.5275,3.402,0.0949,19.791,0.081,0.1416,0.135,0.1578,0.1659,0.1733,0.1703,3.6556,2.614,2.6746,2.9401,2.0654,1.9489,0.0632,0.0584,0.0556,0.0606,0.0552,0.065,20.7686,20.7563,20.7513,20.7282,20.7108,20.7308,0.9,0.9,0.9,0.8449,0.8332,0.8319
63,Bocamina,2026-06-08T11:49:08.797796,SEGURO,False,0.6007,False,,0.0351,1.7877,0.0514,20.7856,0.0398,0.1675,0.1495,0.1506,0.1467,0.1506,0.1529,6.2539,7.2475,7.0515,5.8609,6.5628,6.3738,0.0887,0.0917,0.0892,0.0881,0.0893,0.0884,20.7656,20.7569,20.7684,20.7655,20.7657,20.7643,0.2553,0.2792,0.2136,0.2195,0.3141,0.2715
64,Frente_A_Sogamoso,2026-06-08T11:49:09.836293,SEGURO,False,0.6114,False,,0.2774,5.6426,0.1318,20.5909,0.1815,0.2533,0.2472,0.2467,0.2394,0.247,0.2546,7.5521,7.7346,7.0315,7.0415,7.1495,7.1895,0.1143,0.112,0.1111,0.1094,0.1132,0.1126,20.684,20.6808,20.6703,20.6751,20.6711,20.6639,0.6011,0.6097,0.606,0.4093,0.3196,0.2684
65,Frente_B_Mongua,2026-06-08T11:49:10.877949,PRECAUCIÓN,False,0.6257,True,patron_multivariado,0.2025,10.8932,0.1902,20.5357,0.1156,0.2547,0.2464,0.2456,0.2499,0.2426,0.2394,7.8059,7.8089,7.4605,7.7172,7.7486,8.5071,0.098,0.1041,0.1079,0.1148,0.1164,0.1265,20.674,20.6677,20.6773,20.674,20.673,20.6729,0.7581,0.7483,0.6298,0.6473,0.6212,0.7217
66,Galeria_Central,2026-06-08T11:49:11.916494,PRECAUCIÓN,False,0.6402,True,patron_multivariado,0.4136,3.3418,0.0917,19.8606,0.0776,0.1243,0.1163,0.1417,0.1481,0.1573,0.1548,3.4509,2.4136,2.5021,2.7333,1.5911,1.4775,0.0586,0.0537,0.0502,0.0566,0.0499,0.06,20.7582,20.7425,20.7365,20.7107,20.6922,20.7133,0.9,0.9,0.9,0.9,0.8973,0.867
67,Bocamina,2026-06-08T11:49:12.959963,PRECAUCIÓN,False,0.631,True,patron_incendio,0.0344,6.1079,0.1296,20.774,0.0401,0.1665,0.149,0.1489,0.1457,0.1496,0.1513,6.3093,7.2702,7.0397,5.9883,6.6106,6.3968,0.0895,0.0925,0.0893,0.0885,0.0889,0.0877,20.7697,20.7625,20.7725,20.7696,20.7699,20.7692,0.2707,0.2896,0.2303,0.2311,0.3076,0.269
68,Frente_A_Sogamoso,2026-06-08T11:49:13.996731,SEGURO,False,0.6114,False,,0.2791,5.6896,0.1293,20.5896,0.1776,0.2539,0.2482,0.2476,0.2399,0.2468,0.2548,7.6197,7.7647,7.0627,7.1002,7.2266,7.2867,0.1139,0.1117,0.1111,0.1097,0.1136,0.1131,20.6811,20.6783,20.6683,20.6727,20.6682,20.6618,0.5697,0.5809,0.584,0.4021,0.3282,0.2835
69,Frente_B_Mongua,2026-06-08T11:49:15.036212,PRECAUCIÓN,False,0.6259,True,patron_incendio,0.2007,12.0474,0.2028,20.5353,0.1203,0.2533,0.2458,0.2452,0.2498,0.2429,0.2397,7.8574,7.8628,7.5207,7.7463,7.7594,8.5031,0.0997,0.1051,0.1085,0.115,0.1168,0.1265,20.6758,20.6697,20.6786,20.6753,20.6741,20.6747,0.7459,0.7389,0.6231,0.6395,0.6164,0.712
70,Galeria_Central,2026-06-08T11:49:16.091305,PRECAUCIÓN,False,0.6366,True,patron_multivariado,0.3316,3.3072,0.0873,19.9528,0.0766,0.1071,0.0983,0.1271,0.1322,0.1442,0.1424,3.2416,2.2207,2.3646,2.56,1.408,1.2473,0.0541,0.0491,0.0457,0.0534,0.0454,0.0555,20.7422,20.7236,20.7184,20.6907,20.6721,20.6942,0.9,0.9,0.9,0.9,0.9,0.8578
71,Bocamina,2026-06-08T11:49:17.133473,PRECAUCIÓN,False,0.6494,True,patron_incendio,0.0344,9.3636,0.1928,20.7367,0.0397,0.1649,0.1483,0.1474,0.1449,0.149,0.1499,6.3272,7.2441,7.0175,6.103,6.6629,6.4378,0.0897,0.0928,0.0891,0.0885,0.0885,0.087,20.7735,20.7677,20.7764,20.7734,20.7739,20.7738,0.2836,0.2986,0.247,0.2429,0.3029,0.2688
72,Frente_A_Sogamoso,2026-06-08T11:49:18.169615,SEGURO,False,0.6114,False,,0.2797,5.7515,0.1261,20.6022,0.1762,0.2547,0.2494,0.2487,0.2408,0.2471,0.2554,7.688,7.8008,7.102,7.1584,7.2992,7.3743,0.1136,0.1115,0.1111,0.11,0.1139,0.1134,20.6788,20.6763,20.6669,20.6708,20.6658,20.6601,0.5452,0.5583,0.5668,0.3981,0.3381,0.2992
73,Frente_B_Mongua,2026-06-08T11:49:19.220794,PRECAUCIÓN,False,0.6292,True,patron_incendio,0.2043,12.9538,0.213,20.5301,0.126,0.2526,0.2457,0.2453,0.2498,0.2432,0.24,7.907,7.9114,7.5731,7.7765,7.7746,8.5019,0.1012,0.1061,0.1091,0.1152,0.1172,0.1264,20.6771,20.6715,20.6799,20.6767,20.6755,20.6765,0.7377,0.7318,0.6185,0.6336,0.6141,0.7036
74,Galeria_Central,2026-06-08T11:49:20.269173,PRECAUCIÓN,False,0.6344,True,patron_multivariado,0.2714,3.2862,0.0852,20.0617,0.076,0.0923,0.0831,0.1156,0.1199,0.135,0.1342,3.0773,2.0832,2.321,2.4899,1.3694,1.2042,0.0501,0.0451,0.0425,0.0515,0.0421,0.0519,20.7204,20.6993,20.6966,20.6679,20.6505,20.673,0.9,0.9,0.9,0.9,0.9,0.8037
75,Bocamina,2026-06-08T11:49:21.319210,PRECAUCIÓN,False,0.6595,True,patron_incendio,0.0324,11.8432,0.2453,20.6974,0.0377,0.1631,0.1477,0.1464,0.1447,0.149,0.149,6.2976,7.1618,6.9836,6.1965,6.718,6.5,0.0893,0.0924,0.0888,0.0882,0.0882,0.0865,20.7767,20.7721,20.7796,20.7767,20.7774,20.7778,0.2934,0.3055,0.2629,0.2546,0.3008,0.2719
76,Frente_A_Sogamoso,2026-06-08T11:49:22.354748,SEGURO,False,0.61,False,,0.275,5.7942,0.1213,20.6083,0.1707,0.2557,0.2508,0.25,0.2419,0.2477,0.2563,7.757,7.8419,7.15,7.2184,7.3698,7.4558,0.1134,0.1115,0.1113,0.1103,0.1142,0.1138,20.6769,20.6746,20.6657,20.6692,20.6638,20.6588,0.5266,0.5408,0.5533,0.3964,0.3489,0.3151
77,Frente_B_Mongua,2026-06-08T11:49:23.407181,PRECAUCIÓN,False,0.6348,True,patron_multivariado,0.1967,13.7294,0.2248,20.5289,0.1228,0.2524,0.246,0.2458,0.2499,0.2434,0.2403,7.9485,7.9503,7.6135,7.8044,7.792,8.503,0.1026,0.107,0.1096,0.1155,0.1174,0.1263,20.6781,20.6732,20.6811,20.6782,20.677,20.6781,0.7329,0.727,0.6163,0.6295,0.6138,0.6973
78,Galeria_Central,2026-06-08T11:49:24.452351,PRECAUCIÓN,False,0.6328,True,patron_multivariado,0.2267,3.2565,0.083,20.1705,0.0746,0.0817,0.0721,0.108,0.1121,0.13,0.1307,2.9933,2.0351,2.4046,2.5707,1.4139,1.3206,0.0471,0.042,0.041,0.0509,0.0401,0.0493,20.6929,20.6693,20.6709,20.6417,20.627,20.6495,0.9,0.9,0.9,0.9,0.8408,0.7118
79,Bocamina,2026-06-08T11:49:25.489395,PRECAUCIÓN,False,0.6687,True,patron_incendio,0.0334,13.5685,0.2869,20.6604,0.0375,0.1612,0.1473,0.1459,0.145,0.1496,0.1487,6.2237,7.0287,6.9356,6.2598,6.7674,6.5779,0.0881,0.0916,0.0881,0.0876,0.0878,0.0862,20.7793,20.7754,20.7822,20.7793,20.7803,20.781,0.3008,0.3105,0.2776,0.2662,0.3018,0.2789
80,Frente_A_Sogamoso,2026-06-08T11:49:26.536511,SEGURO,False,0.61,False,,0.2776,5.7884,0.1196,20.6177,0.1648,0.257,0.2525,0.2515,0.2433,0.2488,0.2575,7.8251,7.8855,7.2048,7.2789,7.4372,7.5307,0.1133,0.1114,0.1114,0.1107,0.1145,0.1141,20.6753,20.6731,20.6648,20.6679,20.6622,20.6579,0.5132,0.5277,0.5429,0.3969,0.3607,0.3311
81,Frente_B_Mongua,2026-06-08T11:49:27.572672,PRECAUCIÓN,False,0.635,True,patron_multivariado,0.1938,14.2502,0.2351,20.5175,0.1213,0.2528,0.2466,0.2466,0.2502,0.2437,0.2406,7.9784,7.9763,7.6376,7.8253,7.8056,8.5013,0.1038,0.1077,0.1101,0.1157,0.1176,0.1261,20.679,20.6747,20.6823,20.6798,20.6787,20.6797,0.731,0.7244,0.6166,0.6269,0.6153,0.693
82,Galeria_Central,2026-06-08T11:49:28.609724,SEGURO,False,0.6331,True,patron_multivariado,0.1951,3.2317,0.0811,20.279,0.0736,0.0761,0.066,0.1049,0.1089,0.1292,0.1312,3.0091,2.0947,2.6159,2.8176,1.5497,1.5903,0.0454,0.0402,0.0414,0.0514,0.0396,0.0478,20.6599,20.6341,20.6412,20.612,20.6021,20.624,0.9,0.9,0.9,0.898,0.7505,0.5928
83,Bocamina,2026-06-08T11:49:29.654114,PRECAUCIÓN,False,0.6523,True,patron_multivariado,0.0341,10.4948,0.2439,20.6488,0.0367,0.1595,0.1473,0.1462,0.1458,0.1507,0.1489,6.1142,6.8574,6.8731,6.2877,6.8021,6.6618,0.0864,0.0902,0.0874,0.0869,0.0876,0.0862,20.7812,20.7778,20.7841,20.7811,20.7826,20.7834,0.3066,0.3139,0.2909,0.2773,0.3056,0.2895
84,Frente_A_Sogamoso,2026-06-08T11:49:30.691543,SEGURO,False,0.61,False,,0.2723,5.7162,0.1173,20.6089,0.1742,0.2585,0.2544,0.2533,0.2449,0.2501,0.2589,7.8902,7.9304,7.2633,7.3373,7.4987,7.5965,0.1132,0.1115,0.1115,0.111,0.1148,0.1145,20.6742,20.6721,20.6643,20.6671,20.661,20.6574,0.504,0.5185,0.5352,0.3989,0.3727,0.3471
85,Frente_B_Mongua,2026-06-08T11:49:31.740636,PRECAUCIÓN,False,0.6265,True,patron_multivariado,0.1936,11.5322,0.2142,20.5163,0.1191,0.2535,0.2476,0.2478,0.2505,0.2441,0.241,7.9949,7.9886,7.6452,7.8385,7.8143,8.4966,0.1047,0.1084,0.1106,0.1159,0.1176,0.1257,20.6796,20.6761,20.6835,20.6813,20.6804,20.681,0.7316,0.7238,0.6195,0.6261,0.6184,0.6907
86,Galeria_Central,2026-06-08T11:49:32.786774,PRECAUCIÓN,False,0.6384,True,patron_multivariado,0.3724,3.2539,0.0801,20.2484,0.0736,0.0739,0.0633,0.104,0.1079,0.1301,0.1329,3.1186,2.241,2.897,3.1701,2.0176,2.1087,0.0446,0.0394,0.0433,0.0523,0.0396,0.0464,20.6181,20.5904,20.6041,20.5753,20.5722,20.5931,0.9,0.9,0.9,0.8363,0.6682,0.4789
87,Bocamina,2026-06-08T11:49:33.828767,PRECAUCIÓN,False,0.6486,True,incremento_brusco,0.1808,8.2388,0.2065,20.5657,0.0383,0.1584,0.1477,0.1468,0.1466,0.1516,0.1494,6.0263,6.7013,6.8087,6.2846,6.7987,6.7239,0.0847,0.0888,0.0867,0.0863,0.0875,0.0864,20.7822,20.7793,20.7855,20.7825,20.7843,20.785,0.3121,0.3156,0.3008,0.2875,0.3116,0.3018
88,Frente_A_Sogamoso,2026-06-08T11:49:34.877601,SEGURO,False,0.6112,False,,0.2841,5.7566,0.1174,20.6121,0.1735,0.2602,0.2564,0.2552,0.2467,0.2516,0.2605,7.9585,7.9807,7.3311,7.4001,7.5625,7.6615,0.1132,0.1116,0.1118,0.1115,0.1151,0.1148,20.6732,20.6712,20.6639,20.6664,20.6602,20.6572,0.4998,0.5132,0.5304,0.403,0.3856,0.3634
89,Frente_B_Mongua,2026-06-08T11:49:35.922456,SEGURO,False,0.6213,True,patron_multivariado,0.1977,9.6697,0.1935,20.5294,0.1191,0.2541,0.2483,0.2489,0.2509,0.2444,0.2414,7.9978,7.9918,7.6449,7.8452,7.8185,8.4845,0.1054,0.1089,0.1109,0.1161,0.1176,0.1254,20.6804,20.6774,20.6847,20.6828,20.6819,20.6822,0.7296,0.7217,0.6222,0.6247,0.6205,0.6894
90,Galeria_Central,2026-06-08T11:49:36.963032,PRECAUCIÓN,False,0.6426,True,incremento_brusco,0.5041,3.136,0.0795,20.1563,0.0748,0.077,0.0651,0.1055,0.1085,0.1307,0.1333,3.3337,2.4923,3.2309,3.6179,2.6017,2.6662,0.0452,0.0397,0.0462,0.0534,0.0396,0.0447,20.5746,20.5447,20.565,20.5365,20.5418,20.5611,0.9,0.9,0.9,0.7771,0.5945,0.3764
91,Bocamina,2026-06-08T11:49:38.010890,PRECAUCIÓN,False,0.6457,True,incremento_brusco,0.2931,6.5745,0.1754,20.4548,0.0387,0.1569,0.148,0.1473,0.1471,0.1522,0.1499,5.9863,6.5839,6.755,6.2622,6.7483,6.7537,0.0835,0.0878,0.0864,0.086,0.0875,0.0867,20.7824,20.7797,20.7863,20.7834,20.7853,20.7856,0.314,0.3119,0.3031,0.2945,0.3206,0.3138
92,Frente_A_Sogamoso,2026-06-08T11:49:39.043286,SEGURO,False,0.6104,False,,0.2892,5.7795,0.1194,20.6092,0.1761,0.262,0.2584,0.2572,0.2485,0.2533,0.2622,8.0266,8.0348,7.4011,7.4601,7.6208,7.7188,0.1133,0.1119,0.1121,0.112,0.1155,0.1152,20.6728,20.6707,20.6639,20.6661,20.6597,20.6574,0.4993,0.5112,0.5278,0.4083,0.3982,0.3793
93,Frente_B_Mongua,2026-06-08T11:49:40.078204,SEGURO,False,0.6191,False,,0.1932,8.2425,0.1761,20.5476,0.1174,0.2542,0.2486,0.2496,0.251,0.2446,0.2419,7.9947,7.9937,7.6456,7.8494,7.8204,8.4654,0.106,0.1093,0.1112,0.1163,0.1175,0.1249,20.6814,20.6787,20.6859,20.6841,20.6832,20.6833,0.7234,0.7171,0.6232,0.622,0.6205,0.6877
94,Galeria_Central,2026-06-08T11:49:41.117739,PRECAUCIÓN,False,0.6462,True,incremento_brusco,0.6017,3.2545,0.0793,20.0356,0.0775,0.0837,0.07,0.1078,0.1088,0.1293,0.1307,3.6414,2.8301,3.5643,4.0944,3.1216,3.1119,0.0472,0.041,0.0495,0.0541,0.0394,0.0424,20.5349,20.5026,20.5292,20.5007,20.5149,20.5323,0.9,0.9,0.9,0.723,0.5307,0.2919
95,Bocamina,2026-06-08T11:49:42.163994,PRECAUCIÓN,False,0.6424,True,incremento_brusco,0.3724,5.3411,0.1498,20.3397,0.0385,0.1549,0.148,0.1477,0.1473,0.1527,0.1504,5.9881,6.5011,6.7123,6.2154,6.6514,6.7465,0.0828,0.087,0.0865,0.0858,0.0877,0.087,20.7814,20.7786,20.7863,20.7836,20.7853,20.7849,0.3105,0.3025,0.2967,0.2968,0.3327,0.3245
96,Frente_A_Sogamoso,2026-06-08T11:49:43.211625,SEGURO,False,0.6112,False,,0.2853,5.8163,0.117,20.6106,0.1756,0.2638,0.2604,0.2591,0.2503,0.2549,0.2639,8.0936,8.0917,7.4715,7.5171,7.6744,7.7698,0.1136,0.1122,0.1124,0.1125,0.1159,0.1156,20.6727,20.6705,20.6642,20.666,20.6596,20.6578,0.502,0.5121,0.5274,0.4146,0.4104,0.3946
97,Frente_B_Mongua,2026-06-08T11:49:44.247860,SEGURO,False,0.6145,False,,0.1915,7.2874,0.1622,20.5669,0.1175,0.2538,0.2485,0.2497,0.2509,0.2447,0.2422,7.9906,7.9982,7.651,7.8511,7.8194,8.4408,0.1065,0.1098,0.1113,0.1163,0.1174,0.1245,20.6826,20.68,20.6871,20.6853,20.6843,20.6843,0.7132,0.71,0.6218,0.6177,0.6182,0.6851
98,Galeria_Central,2026-06-08T11:49:45.281360,PRECAUCIÓN,False,0.6454,True,incremento_brusco,0.6768,3.2197,0.08,19.9003,0.0736,0.0921,0.0759,0.1098,0.1078,0.125,0.1245,4.0037,3.2161,3.8502,4.5336,3.4868,3.3745,0.0502,0.0427,0.0525,0.0544,0.0387,0.0396,20.5045,20.4698,20.5014,20.4732,20.4957,20.5112,0.9,0.9,0.9,0.674,0.4764,0.262
99,Bocamina,2026-06-08T11:49:46.316202,PRECAUCIÓN,False,0.6413,True,incremento_brusco,0.4337,4.3664,0.1287,20.2195,0.0373,0.1527,0.1477,0.1478,0.1476,0.1531,0.1511,6.015,6.4427,6.6776,6.1367,6.5161,6.7034,0.0824,0.0863,0.0867,0.0857,0.0879,0.0874,20.7792,20.7758,20.7854,20.783,20.7844,20.7829,0.3011,0.2883,0.2822,0.2937,0.3468,0.3331
100,Frente_A_Sogamoso,2026-06-08T11:49:47.352553,SEGURO,False,0.6112,False,,0.2856,5.8971,0.1162,20.6039,0.18,0.2649,0.2616,0.2603,0.2516,0.256,0.265,8.162,8.1485,7.541,7.5768,7.7333,7.8337,0.1137,0.1125,0.1127,0.113,0.1162,0.116,20.6715,20.6692,20.6633,20.6649,20.6582,20.6569,0.5045,0.5116,0.526,0.4208,0.422,0.4085
101,Frente_B_Mongua,2026-06-08T11:49:48.399695,SEGURO,False,0.6123,False,,0.1944,6.5528,0.1501,20.5703,0.1207,0.253,0.2479,0.2493,0.2506,0.2447,0.2424,7.9896,8.0077,7.6631,7.8521,7.8169,8.4128,0.1069,0.1101,0.1114,0.1164,0.1174,0.1242,20.6838,20.6813,20.6882,20.6863,20.6853,20.6853,0.6999,0.7008,0.6178,0.612,0.6139,0.6812
102,Galeria_Central,2026-06-08T11:49:49.434301,PRECAUCIÓN,False,0.6405,True,patron_multivariado,0.527,3.1478,0.0819,19.8872,0.0773,0.0997,0.0809,0.1102,0.1046,0.1175,0.1148,4.367,3.6028,4.0567,4.8868,3.6417,3.4211,0.0534,0.0445,0.0544,0.0539,0.0375,0.0367,20.487,20.4503,20.4855,20.4577,20.4869,20.5012,0.9,0.9,0.8854,0.6304,0.4313,0.2372
103,Bocamina,2026-06-08T11:49:50.482593,PRECAUCIÓN,False,0.6413,True,incremento_brusco,0.4802,3.6718,0.1122,20.1171,0.0384,0.1504,0.147,0.1479,0.1479,0.1535,0.1517,6.0494,6.399,6.6474,6.0209,6.3536,6.6295,0.0821,0.0857,0.0871,0.0855,0.0881,0.0877,20.7758,20.7714,20.7834,20.7814,20.7823,20.7797,0.2859,0.2706,0.2613,0.2855,0.3621,0.3395
104,Frente_A_Sogamoso,2026-06-08T11:49:51.517670,SEGURO,False,0.609,False,,0.2823,5.718,0.1147,20.6006,0.1808,0.2656,0.2624,0.261,0.2525,0.2567,0.2658,8.231,8.2054,7.6099,7.6385,7.7951,7.9061,0.1137,0.1126,0.1129,0.1133,0.1164,0.1162,20.6694,20.6669,20.6616,20.6628,20.6559,20.655,0.5073,0.5106,0.5245,0.4275,0.433,0.4215
105,Frente_B_Mongua,2026-06-08T11:49:52.554624,PRECAUCIÓN,False,0.6166,True,incremento_brusco,0.32,6.0045,0.1417,20.5197,0.1165,0.2518,0.247,0.2485,0.25,0.2447,0.2426,7.991,8.0205,7.6815,7.8548,7.8163,8.3851,0.1074,0.1104,0.1115,0.1164,0.1174,0.124,20.6851,20.6825,20.6893,20.6872,20.6861,20.6862,0.6845,0.69,0.6119,0.6052,0.6082,0.6761
106,Galeria_Central,2026-06-08T11:49:53.603332,PRECAUCIÓN,False,0.6387,True,patron_multivariado,0.4132,3.0831,0.0812,19.9297,0.0782,0.1035,0.0831,0.1086,0.0997,0.1088,0.1047,4.6699,3.9341,4.1502,5.1147,3.6449,3.3692,0.0564,0.0463,0.0555,0.0529,0.0364,0.0347,20.4809,20.4439,20.4807,20.4545,20.4887,20.503,0.9,0.9,0.8449,0.5839,0.3884,0.2136
107,Bocamina,2026-06-08T11:49:54.646242,PRECAUCIÓN,False,0.633,True,patron_multivariado,0.3638,3.2021,0.0988,20.1081,0.0387,0.1484,0.146,0.148,0.1484,0.1539,0.1523,6.0773,6.3641,6.6203,5.8701,6.179,6.5348,0.0818,0.085,0.0874,0.0852,0.0883,0.0882,20.7713,20.7656,20.7805,20.7788,20.7794,20.7754,0.2658,0.2511,0.2361,0.2727,0.3773,0.3439
108,Frente_A_Sogamoso,2026-06-08T11:49:55.692965,SEGURO,False,0.6114,False,,0.2826,5.8196,0.1155,20.6079,0.1801,0.2659,0.2628,0.2612,0.2532,0.2569,0.2661,8.2958,8.2574,7.6751,7.7,7.8581,7.9842,0.1137,0.1125,0.1129,0.1136,0.1166,0.1163,20.6664,20.6639,20.6591,20.6601,20.6529,20.6522,0.51,0.5088,0.5224,0.434,0.4434,0.4331
109,Frente_B_Mongua,2026-06-08T11:49:56.738828,SEGURO,False,0.6191,True,patron_multivariado,0.417,5.7771,0.133,20.4255,0.1139,0.2511,0.2463,0.2479,0.2494,0.2444,0.2424,8.0081,8.0521,7.7319,7.8963,7.862,8.387,0.1081,0.111,0.1118,0.1165,0.1175,0.1239,20.6863,20.6834,20.69,20.6878,20.6866,20.687,0.6697,0.6785,0.6063,0.5991,0.6018,0.6709
110,Galeria_Central,2026-06-08T11:49:57.783790,PRECAUCIÓN,False,0.6358,True,patron_multivariado,0.3335,3.109,0.0819,20.0123,0.081,0.1047,0.0838,0.1064,0.0951,0.1015,0.0965,4.8774,4.173,4.1349,5.2324,3.5765,3.3042,0.059,0.0482,0.0562,0.0519,0.0357,0.0338,20.4819,20.4463,20.4837,20.4602,20.4984,20.5138,0.9,0.9,0.7931,0.5219,0.3356,0.1846
111,Bocamina,2026-06-08T11:49:58.822126,PRECAUCIÓN,False,0.6227,True,patron_multivariado,0.2767,2.7747,0.0876,20.1573,0.0388,0.1474,0.1452,0.1485,0.149,0.1544,0.153,6.0881,6.338,6.5929,5.6921,6.0163,6.4286,0.0813,0.0842,0.0875,0.0847,0.0886,0.0887,20.7664,20.7594,20.7771,20.7756,20.776,20.7709,0.2462,0.2353,0.2123,0.2586,0.3894,0.3462
112,Frente_A_Sogamoso,2026-06-08T11:49:59.879880,SEGURO,False,0.6114,False,,0.2807,5.7507,0.1141,20.6136,0.1838,0.2658,0.2628,0.261,0.2536,0.2568,0.266,8.354,8.3031,7.7339,7.7587,7.9197,8.0651,0.1135,0.1124,0.1129,0.1137,0.1167,0.1163,20.6629,20.6603,20.656,20.6568,20.6493,20.6487,0.5111,0.5053,0.5194,0.4396,0.4526,0.4432
113,Frente_B_Mongua,2026-06-08T11:50:00.930205,SEGURO,False,0.6141,True,patron_multivariado,0.4817,5.5568,0.1278,20.3259,0.1172,0.251,0.246,0.2475,0.2488,0.2441,0.2422,8.0357,8.0984,7.8149,7.9819,7.9623,8.4267,0.1091,0.1119,0.1125,0.1168,0.1176,0.124,20.6872,20.6836,20.6902,20.6879,20.6865,20.6876,0.6571,0.6672,0.6027,0.5944,0.5954,0.6662
114,Galeria_Central,2026-06-08T11:50:01.971797,PRECAUCIÓN,False,0.634,True,patron_multivariado,0.2716,2.9773,0.082,20.1037,0.0766,0.1048,0.0846,0.1051,0.0922,0.097,0.0918,5.0093,4.3406,4.067,5.2915,3.5194,3.3086,0.0612,0.0503,0.0568,0.0515,0.0361,0.0347,20.4887,20.4563,20.4934,20.4736,20.5146,20.5318,0.9,0.8579,0.7273,0.4459,0.2758,0.1517
115,Bocamina,2026-06-08T11:50:03.021812,SEGURO,False,0.6151,False,,0.2109,2.5072,0.0791,20.2192,0.0388,0.1476,0.1449,0.1493,0.1497,0.1547,0.1537,6.0903,6.333,6.5746,5.5132,5.8895,6.3302,0.0807,0.0834,0.0875,0.0843,0.0888,0.0894,20.7617,20.7536,20.7736,20.7723,20.7727,20.7665,0.2301,0.2253,0.1932,0.2451,0.3967,0.346
116,Frente_A_Sogamoso,2026-06-08T11:50:04.068894,SEGURO,False,0.6114,False,,0.281,5.6931,0.1171,20.6042,0.1807,0.266,0.263,0.2611,0.2542,0.2569,0.2662,8.3982,8.3385,7.7837,7.8065,7.9687,8.1277,0.1133,0.1123,0.1129,0.1138,0.1167,0.1164,20.6603,20.6577,20.6537,20.6544,20.6467,20.6463,0.5127,0.5033,0.5172,0.4442,0.4606,0.4517
117,Frente_B_Mongua,2026-06-08T11:50:05.109773,PRECAUCIÓN,False,0.6214,True,incremento_brusco,0.5374,5.3674,0.1203,20.2227,0.1251,0.2513,0.2461,0.2476,0.2485,0.2439,0.242,8.072,8.1545,7.9253,8.1059,8.1094,8.5011,0.1102,0.1129,0.1134,0.1173,0.1178,0.1242,20.6877,20.6829,20.6897,20.6873,20.6856,20.6878,0.6479,0.6572,0.6016,0.5911,0.5898,0.6626
118,Galeria_Central,2026-06-08T11:50:06.155421,PRECAUCIÓN,False,0.6328,True,patron_multivariado,0.229,3.0569,0.0828,20.2057,0.0796,0.1054,0.0866,0.1053,0.0918,0.0962,0.0912,5.0908,4.4578,3.9928,5.3318,3.5287,3.4203,0.0633,0.0527,0.0576,0.0517,0.0376,0.037,20.4991,20.4714,20.5075,20.492,20.5347,20.5538,0.8011,0.7417,0.6514,0.3636,0.2155,0.1186
119,Bocamina,2026-06-08T11:50:07.193231,SEGURO,False,0.6175,False,,0.3227,2.3158,0.0719,20.2149,0.0398,0.1489,0.1449,0.1502,0.1502,0.155,0.1543,6.0921,6.3559,6.5719,5.357,5.8107,6.2522,0.0803,0.083,0.0875,0.0841,0.0892,0.09,20.7576,20.7486,20.7703,20.7691,20.7696,20.7627,0.2192,0.2215,0.1799,0.2336,0.3992,0.3435
120,Frente_A_Sogamoso,2026-06-08T11:50:08.239366,SEGURO,False,0.6112,False,,0.2878,5.7396,0.1139,20.5949,0.1774,0.2664,0.2634,0.2613,0.2547,0.2572,0.2665,8.4332,8.3683,7.8267,7.8458,8.0076,8.1759,0.1133,0.1123,0.1129,0.114,0.1168,0.1164,20.6585,20.6559,20.6522,20.6527,20.6449,20.6445,0.5156,0.5032,0.5167,0.4487,0.4677,0.4593
121,Frente_B_Mongua,2026-06-08T11:50:09.280197,PRECAUCIÓN,False,0.6206,True,incremento_brusco,0.5766,5.1363,0.1151,20.1257,0.1236,0.2518,0.2466,0.248,0.2483,0.2439,0.242,8.1159,8.2177,8.0581,8.2612,8.2926,8.604,0.1113,0.1139,0.1147,0.1179,0.118,0.1246,20.6877,20.6812,20.6883,20.6858,20.6839,20.6874,0.6427,0.6493,0.6024,0.5885,0.5844,0.6602
122,Galeria_Central,2026-06-08T11:50:10.326523,SEGURO,False,0.6331,True,patron_multivariado,0.1996,3.1951,0.0816,20.29,0.0815,0.1074,0.0905,0.1079,0.0946,0.0991,0.0947,5.1557,4.5567,3.9621,5.3933,3.6393,3.6543,0.0653,0.0554,0.0588,0.0529,0.0403,0.0408,20.5119,20.4897,20.5246,20.5135,20.5567,20.5778,0.6498,0.6218,0.57,0.3135,0.1783,0.0981
123,Bocamina,2026-06-08T11:50:11.361753,PRECAUCIÓN,False,0.623,True,patron_multivariado,0.406,2.1972,0.0674,20.162,0.0406,0.1503,0.1449,0.1509,0.1506,0.1551,0.1548,6.1047,6.4068,6.5904,5.241,5.7721,6.1989,0.0803,0.0828,0.0876,0.0841,0.0895,0.0907,20.7541,20.7442,20.7672,20.7659,20.7665,20.7591,0.2103,0.219,0.1693,0.2231,0.4001,0.3395
124,Frente_A_Sogamoso,2026-06-08T11:50:12.413356,SEGURO,False,0.6112,False,,0.2919,5.7479,0.115,20.5924,0.1784,0.2669,0.2639,0.2617,0.2553,0.2577,0.2669,8.4627,8.3949,7.8632,7.8762,8.0351,8.2088,0.1132,0.1123,0.1129,0.1141,0.1168,0.1164,20.6573,20.6546,20.6512,20.6516,20.6436,20.6435,0.52,0.5049,0.5176,0.4534,0.4738,0.466
125,Frente_B_Mongua,2026-06-08T11:50:13.449691,PRECAUCIÓN,False,0.6206,True,patron_multivariado,0.6047,4.9486,0.1132,20.0398,0.1232,0.2525,0.2473,0.2487,0.2484,0.2441,0.2423,8.1679,8.2866,8.2069,8.4397,8.4991,8.7266,0.1122,0.1148,0.1161,0.1186,0.1183,0.1252,20.687,20.6785,20.6861,20.6833,20.6814,20.6864,0.6419,0.6436,0.6042,0.5857,0.5786,0.6585
126,Galeria_Central,2026-06-08T11:50:14.494906,SEGURO,False,0.6327,True,patron_multivariado,0.1742,3.162,0.0818,20.3714,0.0842,0.1112,0.0963,0.1126,0.1001,0.1052,0.1014,5.2272,4.6584,3.997,5.49,3.845,3.9825,0.0674,0.0584,0.0605,0.0548,0.044,0.0454,20.5257,20.5094,20.5428,20.5359,20.5786,20.6012,0.5112,0.5076,0.491,0.2701,0.1513,0.0832
127,Bocamina,2026-06-08T11:50:15.532798,PRECAUCIÓN,False,0.6237,True,patron_multivariado,0.4664,2.0981,0.0639,20.1006,0.041,0.1513,0.1447,0.1512,0.1509,0.1552,0.1553,6.1177,6.4697,6.6221,5.1575,5.7577,6.1609,0.0805,0.0828,0.0877,0.0841,0.0898,0.0911,20.751,20.7399,20.7642,20.7628,20.7634,20.7556,0.2009,0.2152,0.1587,0.2127,0.4015,0.3351
128,Frente_A_Sogamoso,2026-06-08T11:50:16.582328,SEGURO,False,0.6114,False,,0.2892,5.7506,0.114,20.5981,0.1781,0.2674,0.2643,0.2621,0.2559,0.258,0.2673,8.4873,8.418,7.8927,7.8993,8.0548,8.2323,0.1133,0.1123,0.1129,0.1142,0.1168,0.1165,20.6564,20.6536,20.6504,20.6507,20.6427,20.6426,0.5245,0.5073,0.5191,0.4577,0.4787,0.4716
129,Frente_B_Mongua,2026-06-08T11:50:17.631507,PRECAUCIÓN,False,0.6206,True,patron_multivariado,0.6281,4.8267,0.1118,19.9621,0.126,0.253,0.248,0.2493,0.2486,0.2445,0.2429,8.2284,8.3608,8.3649,8.6331,8.7163,8.86,0.1129,0.1156,0.1175,0.1193,0.1186,0.1258,20.6857,20.6748,20.6829,20.6798,20.678,20.6848,0.6455,0.6403,0.606,0.5824,0.5721,0.6572
130,Galeria_Central,2026-06-08T11:50:18.678601,PRECAUCIÓN,False,0.6335,True,patron_multivariado,0.2803,3.1406,0.0775,20.3736,0.085,0.1166,0.1038,0.1192,0.1079,0.1134,0.1101,5.3212,4.7802,4.1032,5.6266,4.1278,4.3755,0.0696,0.0616,0.0626,0.0574,0.0483,0.0506,20.5397,20.5293,20.5611,20.558,20.5995,20.6232,0.3905,0.4047,0.4204,0.2312,0.134,0.0737
131,Bocamina,2026-06-08T11:50:19.718090,PRECAUCIÓN,False,0.6284,True,patron_multivariado,0.511,2.0314,0.0611,20.0343,0.0397,0.1519,0.1443,0.1512,0.1513,0.1553,0.1557,6.1237,6.5318,6.6589,5.092,5.754,6.1291,0.0808,0.0829,0.0878,0.0841,0.0899,0.0915,20.748,20.7355,20.7612,20.7596,20.7601,20.752,0.1898,0.2093,0.147,0.2021,0.4042,0.3308
132,Frente_A_Sogamoso,2026-06-08T11:50:20.762402,SEGURO,False,0.6114,False,,0.2839,5.7982,0.1168,20.5985,0.1758,0.2678,0.2647,0.2624,0.2563,0.2584,0.2676,8.5049,8.4345,7.9145,7.9155,8.0684,8.2485,0.1133,0.1124,0.1129,0.1142,0.1168,0.1164,20.6558,20.6529,20.6499,20.6501,20.642,20.642,0.5282,0.5093,0.5203,0.461,0.4826,0.476
133,Frente_B_Mongua,2026-06-08T11:50:21.799476,SEGURO,False,0.6192,True,patron_multivariado,0.6466,4.8029,0.1087,19.903,0.1236,0.2534,0.2488,0.25,0.2489,0.2451,0.2436,8.2977,8.4397,8.5262,8.8343,8.9343,8.997,0.1132,0.116,0.1188,0.1199,0.1189,0.1266,20.6838,20.6703,20.6789,20.6755,20.6739,20.6825,0.6533,0.6393,0.607,0.5782,0.5644,0.6559
134,Galeria_Central,2026-06-08T11:50:22.842062,PRECAUCIÓN,False,0.6367,True,patron_multivariado,0.3648,3.22,0.0778,20.3314,0.0831,0.1235,0.1121,0.1267,0.1166,0.122,0.1191,5.4532,4.9438,4.3054,5.8187,4.4343,4.7424,0.0717,0.0646,0.0648,0.0601,0.0524,0.0552,20.5532,20.5473,20.5774,20.5766,20.6164,20.6402,0.3072,0.3321,0.37,0.2035,0.1292,0.076
135,Bocamina,2026-06-08T11:50:23.880429,PRECAUCIÓN,False,0.6277,True,patron_multivariado,0.5458,1.9961,0.059,19.9599,0.0404,0.1522,0.1437,0.1511,0.1518,0.1556,0.156,6.118,6.5855,6.6944,5.0303,5.7515,6.097,0.0811,0.083,0.0878,0.0839,0.0901,0.0918,20.7449,20.7308,20.758,20.7562,20.7566,20.7483,0.1768,0.2014,0.134,0.1909,0.4084,0.3271
136,Frente_A_Sogamoso,2026-06-08T11:50:24.915738,SEGURO,False,0.6114,False,,0.2852,5.8947,0.1175,20.5881,0.1761,0.2681,0.2651,0.2626,0.2566,0.2586,0.2678,8.5156,8.4445,7.9287,7.9257,8.0775,8.2595,0.1132,0.1124,0.1129,0.1143,0.1168,0.1164,20.6554,20.6524,20.6495,20.6497,20.6415,20.6415,0.5312,0.5109,0.5215,0.4635,0.4857,0.4795
137,Frente_B_Mongua,2026-06-08T11:50:25.952766,SEGURO,False,0.6128,True,patron_multivariado,0.5292,4.7937,0.1064,19.9196,0.1251,0.2536,0.2496,0.2503,0.2492,0.2456,0.2444,8.3753,8.5231,8.6864,9.0357,9.1444,9.1342,0.1132,0.1162,0.1201,0.1205,0.1193,0.1274,20.6813,20.6652,20.6742,20.6704,20.6693,20.6797,0.6649,0.6404,0.606,0.573,0.5552,0.6543
138,Galeria_Central,2026-06-08T11:50:27.003997,PRECAUCIÓN,False,0.6387,True,incremento_brusco,0.4255,3.1819,0.079,20.2592,0.0819,0.131,0.1203,0.1344,0.1251,0.1297,0.127,5.6271,5.1556,4.5774,6.0431,4.7102,5.0331,0.0738,0.0672,0.0669,0.0628,0.0561,0.0591,20.5675,20.5641,20.5924,20.5924,20.6298,20.653,0.2595,0.2908,0.3428,0.1885,0.136,0.1089
139,Bocamina,2026-06-08T11:50:28.050531,PRECAUCIÓN,False,0.6286,True,patron_multivariado,0.5707,1.9742,0.0567,19.8885,0.0417,0.1522,0.1429,0.1509,0.1524,0.156,0.1564,6.0978,6.6265,6.7234,4.9607,5.7432,6.0601,0.0811,0.0828,0.0877,0.0835,0.0901,0.092,20.7417,20.7258,20.7547,20.7526,20.7529,20.7444,0.1621,0.192,0.1201,0.1793,0.4139,0.3242
140,Frente_A_Sogamoso,2026-06-08T11:50:29.100661,SEGURO,False,0.6099,False,,0.2797,5.9455,0.1134,20.5984,0.1698,0.2683,0.2652,0.2627,0.2568,0.2587,0.2679,8.5251,8.4532,7.9397,7.9332,8.0846,8.2688,0.1132,0.1124,0.1129,0.1143,0.1168,0.1164,20.6549,20.6519,20.6491,20.6492,20.6409,20.641,0.5344,0.5127,0.523,0.4661,0.4884,0.4824
141,Frente_B_Mongua,2026-06-08T11:50:30.154976,SEGURO,False,0.6128,False,,0.4383,4.6804,0.1053,19.9794,0.1202,0.2532,0.2499,0.2501,0.2494,0.2462,0.2451,8.4444,8.5913,8.8089,9.1897,9.2937,9.239,0.1126,0.1159,0.1209,0.1208,0.1197,0.1282,20.6782,20.6597,20.6692,20.665,20.6646,20.6765,0.6775,0.6429,0.6008,0.567,0.546,0.652
142,Galeria_Central,2026-06-08T11:50:31.202792,PRECAUCIÓN,False,0.6385,True,incremento_brusco,0.4687,3.1051,0.0792,20.1871,0.0795,0.1378,0.1273,0.1409,0.132,0.1353,0.1326,5.8209,5.3865,4.8572,6.2519,4.9037,5.2065,0.0756,0.0694,0.0686,0.065,0.0588,0.0617,20.5811,20.5787,20.605,20.6046,20.6393,20.6614,0.2458,0.2813,0.3409,0.1875,0.1527,0.145
143,Bocamina,2026-06-08T11:50:32.254512,PRECAUCIÓN,False,0.6286,True,patron_multivariado,0.59,1.9382,0.0551,19.8269,0.0414,0.1522,0.142,0.1506,0.153,0.1565,0.1566,6.0624,6.6537,6.743,4.8765,5.726,6.017,0.0809,0.0825,0.0875,0.083,0.0901,0.0922,20.7383,20.7205,20.7511,20.7488,20.7491,20.7405,0.1464,0.1819,0.1056,0.1674,0.4204,0.3222
144,Frente_A_Sogamoso,2026-06-08T11:50:33.303118,SEGURO,False,0.6099,False,,0.2788,5.984,0.1134,20.599,0.1743,0.2684,0.2653,0.2628,0.2569,0.2587,0.2679,8.5291,8.4546,7.9438,7.9356,8.088,8.2749,0.1132,0.1123,0.1128,0.1143,0.1167,0.1163,20.6544,20.6514,20.6486,20.6487,20.6404,20.6405,0.5361,0.5133,0.5234,0.4675,0.4902,0.4844
145,Frente_B_Mongua,2026-06-08T11:50:34.350491,SEGURO,False,0.6089,False,,0.3803,4.4849,0.1039,20.0612,0.1217,0.2521,0.2494,0.2488,0.2494,0.2467,0.2457,8.4982,8.6401,8.8872,9.2832,9.3692,9.2989,0.1114,0.1151,0.1213,0.1209,0.1201,0.1289,20.6748,20.6545,20.6643,20.6597,20.6601,20.6731,0.6888,0.6455,0.5902,0.5597,0.5362,0.6481
146,Galeria_Central,2026-06-08T11:50:35.385380,PRECAUCIÓN,False,0.6426,True,incremento_brusco,0.5039,3.073,0.0778,20.1057,0.0799,0.1429,0.1318,0.145,0.1358,0.1376,0.1346,5.9996,5.589,5.0798,6.4038,4.9881,5.2477,0.0769,0.0706,0.0697,0.0662,0.06,0.0628,20.5912,20.5883,20.6128,20.6113,20.6438,20.6645,0.2641,0.3023,0.3636,0.2,0.1774,0.1808
147,Bocamina,2026-06-08T11:50:36.421283,PRECAUCIÓN,False,0.6268,True,patron_multivariado,0.6031,1.8573,0.0535,19.7773,0.0429,0.1522,0.1411,0.1502,0.1537,0.157,0.1569,6.0128,6.6689,6.7532,4.7762,5.7005,5.9691,0.0803,0.082,0.0871,0.0823,0.0902,0.0925,20.7347,20.715,20.7475,20.7449,20.7453,20.7365,0.1304,0.1717,0.0944,0.1573,0.4282,0.3216
148,Frente_A_Sogamoso,2026-06-08T11:50:37.454943,SEGURO,False,0.61,False,,0.2815,5.9911,0.1131,20.6006,0.1728,0.2685,0.2654,0.2628,0.2569,0.2587,0.2679,8.5287,8.4513,7.9426,7.9334,8.0869,8.2765,0.113,0.1122,0.1127,0.1142,0.1166,0.1162,20.6539,20.651,20.6483,20.6484,20.64,20.6401,0.5366,0.5131,0.5232,0.4683,0.4913,0.4857
149,Frente_B_Mongua,2026-06-08T11:50:38.496257,SEGURO,False,0.6117,False,,0.3301,4.4118,0.1041,20.1434,0.1199,0.2502,0.2481,0.2463,0.2489,0.2468,0.246,8.5353,8.6722,8.9274,9.3189,9.3789,9.3148,0.1099,0.1138,0.1211,0.1208,0.1206,0.1294,20.6713,20.65,20.6598,20.6549,20.6561,20.6698,0.6967,0.6471,0.5748,0.5512,0.5251,0.6422
150,Galeria_Central,2026-06-08T11:50:39.538624,PRECAUCIÓN,False,0.6443,True,patron_multivariado,0.5283,3.1351,0.0805,20.0437,0.0831,0.1455,0.1333,0.1458,0.1358,0.1361,0.1327,6.1294,5.7216,5.1991,6.4699,4.948,5.1506,0.0774,0.0708,0.0697,0.0662,0.0597,0.0621,20.5964,20.5918,20.615,20.6118,20.6429,20.6623,0.31,0.3498,0.4076,0.2242,0.208,0.2132
151,Bocamina,2026-06-08T11:50:40.571452,PRECAUCIÓN,False,0.6268,True,patron_multivariado,0.6125,1.811,0.0536,19.7349,0.0431,0.1524,0.1401,0.1498,0.1544,0.1575,0.1571,5.9516,6.6757,6.7553,4.6623,5.6693,5.9187,0.0796,0.0813,0.0866,0.0816,0.0902,0.0929,20.7311,20.7093,20.7438,20.7409,20.7415,20.7325,0.1151,0.1621,0.0891,0.1504,0.4376,0.3225
152,Frente_A_Sogamoso,2026-06-08T11:50:41.606115,SEGURO,False,0.6112,False,,0.2793,6.1171,0.113,20.6055,0.1788,0.2685,0.2655,0.2628,0.2569,0.2587,0.2679,8.527,8.4469,7.9396,7.93,8.0842,8.2768,0.1128,0.112,0.1126,0.1141,0.1164,0.1161,20.6535,20.6506,20.648,20.648,20.6396,20.6397,0.5363,0.5122,0.5225,0.4685,0.492,0.4866
153,Frente_B_Mongua,2026-06-08T11:50:42.643289,PRECAUCIÓN,False,0.6213,True,patron_incendio,0.2984,8.5296,0.1526,20.2113,0.1178,0.2478,0.246,0.2429,0.2479,0.2466,0.2458,8.5531,8.6873,8.9325,9.3013,9.3338,9.2917,0.1081,0.1124,0.1205,0.1204,0.1211,0.1298,20.668,20.6464,20.6561,20.6509,20.6529,20.6667,0.7004,0.6472,0.5558,0.5421,0.513,0.6349
154,Galeria_Central,2026-06-08T11:50:43.703396,PRECAUCIÓN,False,0.6393,True,patron_multivariado,0.4192,3.0169,0.0781,20.0564,0.0793,0.1456,0.1317,0.1433,0.1319,0.1309,0.1269,6.1923,5.764,5.2001,6.4481,4.7989,4.9389,0.077,0.0698,0.0687,0.0649,0.0578,0.0597,20.5959,20.5889,20.6116,20.6065,20.6373,20.6555,0.3765,0.4167,0.4673,0.2759,0.2529,0.2471
155,Bocamina,2026-06-08T11:50:44.743052,PRECAUCIÓN,False,0.629,True,patron_multivariado,0.6223,1.804,0.0537,19.6947,0.0427,0.1527,0.1391,0.1494,0.155,0.1579,0.1573,5.8814,6.677,6.7513,4.5392,5.6361,5.8687,0.0787,0.0805,0.086,0.0808,0.0902,0.0933,20.7274,20.7038,20.7402,20.7369,20.7377,20.7285,0.1009,0.1536,0.0845,0.1437,0.4463,0.3238
156,Frente_A_Sogamoso,2026-06-08T11:50:45.791475,PRECAUCIÓN,False,0.6318,True,patron_incendio,0.2793,12.2338,0.1689,20.5885,0.1833,0.2685,0.2654,0.2627,0.2569,0.2585,0.2677,8.5236,8.4406,7.9335,7.9244,8.0798,8.2759,0.1127,0.1118,0.1125,0.114,0.1163,0.1159,20.653,20.6503,20.6477,20.6478,20.6393,20.6394,0.5349,0.5105,0.5212,0.4681,0.4922,0.4869
157,Frente_B_Mongua,2026-06-08T11:50:46.836116,PRECAUCIÓN,False,0.6297,True,patron_incendio,0.2723,11.5269,0.1956,20.2625,0.1165,0.2458,0.2438,0.2393,0.2467,0.2459,0.2451,8.5518,8.682,8.8995,9.241,9.2539,9.2487,0.1062,0.1108,0.1196,0.1198,0.1215,0.1301,20.6647,20.6437,20.6531,20.648,20.6508,20.664,0.7053,0.6494,0.5384,0.5361,0.5043,0.6289
158,Galeria_Central,2026-06-08T11:50:47.876409,PRECAUCIÓN,False,0.6381,True,patron_multivariado,0.3339,3.1204,0.0786,20.1121,0.0844,0.1425,0.1271,0.1379,0.1252,0.1238,0.1191,6.1796,5.7131,5.0874,6.3345,4.5987,4.6964,0.0759,0.0681,0.0672,0.0628,0.055,0.0567,20.5892,20.5802,20.603,20.5967,20.628,20.6455,0.4526,0.4913,0.5345,0.3322,0.2972,0.2728
159,Bocamina,2026-06-08T11:50:48.917758,PRECAUCIÓN,False,0.6229,True,patron_multivariado,0.4673,1.7755,0.0535,19.7486,0.0427,0.1531,0.1382,0.149,0.1556,0.1583,0.1575,5.8042,6.6752,6.7426,4.411,5.6029,5.8206,0.0777,0.0797,0.0854,0.0801,0.0903,0.0939,20.7239,20.6983,20.7367,20.733,20.7341,20.7247,0.0881,0.1462,0.0804,0.1374,0.4542,0.3254
160,Frente_A_Sogamoso,2026-06-08T11:50:49.975232,PRECAUCIÓN,False,0.6361,True,patron_incendio,0.273,16.8611,0.2213,20.5627,0.1778,0.268,0.2649,0.2623,0.2568,0.258,0.2677,8.5682,8.4837,7.9493,7.9264,8.0865,8.2855,0.1131,0.1122,0.1129,0.1143,0.1166,0.1163,20.6536,20.6504,20.6479,20.6478,20.639,20.639,0.5421,0.5172,0.5288,0.4761,0.4968,0.4904
161,Frente_B_Mongua,2026-06-08T11:50:51.010971,PRECAUCIÓN,False,0.6358,True,patron_incendio,0.2541,13.6927,0.2309,20.2976,0.12,0.2447,0.242,0.2362,0.2455,0.245,0.244,8.5346,8.6558,8.83,9.1485,9.1507,9.1927,0.1043,0.1092,0.1186,0.1192,0.1217,0.1303,20.6615,20.6419,20.651,20.6463,20.6498,20.6618,0.7132,0.6552,0.5258,0.5349,0.5008,0.6259
162,Galeria_Central,2026-06-08T11:50:52.043374,PRECAUCIÓN,False,0.636,True,patron_multivariado,0.2715,3.2844,0.0796,20.1815,0.0793,0.1379,0.1218,0.1317,0.1183,0.1173,0.1123,6.1154,5.6081,4.9184,6.1823,4.4225,4.5174,0.0746,0.0665,0.0656,0.0608,0.0527,0.0544,20.5826,20.5728,20.5959,20.5895,20.6215,20.6389,0.5081,0.5465,0.5877,0.3739,0.3298,0.2906
163,Bocamina,2026-06-08T11:50:53.084911,SEGURO,False,0.6145,False,,0.3534,1.7628,0.0532,19.8569,0.0425,0.1544,0.1379,0.1491,0.1561,0.1585,0.1576,5.7258,6.674,6.7309,4.2853,5.5815,5.7742,0.0765,0.0788,0.0847,0.0794,0.0904,0.0944,20.7208,20.6938,20.7335,20.7295,20.731,20.7214,0.0812,0.1444,0.0794,0.133,0.4588,0.3266
164,Frente_A_Sogamoso,2026-06-08T11:50:54.131511,PRECAUCIÓN,False,0.6428,True,patron_incendio,0.2806,20.1474,0.2678,20.5285,0.1763,0.2667,0.2636,0.2615,0.2567,0.2573,0.2679,8.6656,8.5831,8.0003,7.9512,8.1199,8.3161,0.1145,0.1135,0.1143,0.1152,0.1177,0.1173,20.6551,20.6509,20.6484,20.6481,20.6389,20.6384,0.5643,0.5372,0.5486,0.4955,0.5069,0.4974
165,Frente_B_Mongua,2026-06-08T11:50:55.180627,PRECAUCIÓN,False,0.6379,True,patron_incendio,0.24,15.3563,0.2613,20.3247,0.122,0.2446,0.2409,0.234,0.2444,0.244,0.2428,8.501,8.6082,8.727,9.0316,9.0318,9.1287,0.1024,0.1077,0.1174,0.1186,0.1217,0.1302,20.6587,20.6411,20.65,20.6458,20.6499,20.6602,0.7245,0.6647,0.5198,0.5389,0.5029,0.6268
166,Galeria_Central,2026-06-08T11:50:56.229830,PRECAUCIÓN,False,0.6351,True,patron_multivariado,0.2248,3.2614,0.0803,20.2637,0.0789,0.1335,0.1173,0.1269,0.1134,0.1135,0.1087,6.0356,5.5001,4.7687,6.044,4.3247,4.4512,0.0736,0.0655,0.0646,0.0596,0.0516,0.0535,20.5788,20.5695,20.5926,20.587,20.6191,20.6368,0.5362,0.5746,0.6179,0.3956,0.3471,0.3002
167,Bocamina,2026-06-08T11:50:57.284833,SEGURO,False,0.6132,False,,0.2693,1.7484,0.0536,19.9793,0.0404,0.1564,0.1382,0.1497,0.1565,0.1587,0.1579,5.6638,6.6882,6.7254,4.1792,5.5874,5.7434,0.0755,0.0782,0.084,0.0789,0.0905,0.095,20.7184,20.6905,20.731,20.7266,20.7286,20.7189,0.0824,0.1496,0.0823,0.1311,0.4588,0.326
168,Frente_A_Sogamoso,2026-06-08T11:50:58.335564,PRECAUCIÓN,False,0.65,True,patron_incendio,0.2786,22.5517,0.3054,20.481,0.1838,0.2646,0.2618,0.2606,0.2568,0.257,0.2686,8.8089,8.7363,8.0989,8.013,8.1884,8.3685,0.1168,0.1156,0.1164,0.1168,0.1195,0.1189,20.6576,20.6519,20.6495,20.6486,20.6391,20.6381,0.6062,0.5738,0.5817,0.5265,0.5222,0.5072
169,Frente_B_Mongua,2026-06-08T11:50:59.382084,PRECAUCIÓN,False,0.641,True,patron_incendio,0.229,16.6128,0.2854,20.3378,0.1235,0.2454,0.2404,0.2328,0.2437,0.243,0.2416,8.4508,8.5408,8.5959,8.8969,8.9023,9.0598,0.1007,0.1064,0.1161,0.118,0.1215,0.1299,20.6566,20.6411,20.65,20.6465,20.651,20.6593,0.7385,0.6776,0.5209,0.5476,0.5105,0.6318
170,Galeria_Central,2026-06-08T11:51:00.439974,SEGURO,False,0.6354,True,patron_multivariado,0.1888,3.2748,0.0804,20.3385,0.0807,0.1303,0.1148,0.1245,0.1116,0.1133,0.1089,5.9687,5.4239,4.6867,5.9569,4.3362,4.5174,0.073,0.0653,0.0643,0.0596,0.052,0.0542,20.5782,20.5704,20.5934,20.5889,20.6207,20.6388,0.5385,0.5764,0.6239,0.3988,0.3508,0.304
171,Bocamina,2026-06-08T11:51:01.479763,SEGURO,False,0.606,False,,0.2063,1.7345,0.0528,20.1099,0.0401,0.159,0.1392,0.1507,0.1566,0.1587,0.1583,5.6282,6.7268,6.7349,4.1119,5.6286,5.7373,0.0747,0.078,0.0836,0.0787,0.0905,0.0955,20.7169,20.6886,20.7292,20.7246,20.727,20.7172,0.0917,0.1608,0.0885,0.1317,0.4543,0.3233
172,Frente_A_Sogamoso,2026-06-08T11:51:02.520139,PRECAUCIÓN,False,0.6522,True,patron_incendio,0.2757,24.5653,0.3383,20.4465,0.1892,0.2621,0.2596,0.2597,0.2572,0.2573,0.2699,8.9826,8.9263,8.242,8.1131,8.2908,8.439,0.12,0.1185,0.1192,0.1188,0.1219,0.121,20.6607,20.6533,20.6506,20.6491,20.6396,20.6379,0.6682,0.6268,0.6268,0.5671,0.5411,0.5183
173,Frente_B_Mongua,2026-06-08T11:51:03.562075,PRECAUCIÓN,False,0.641,True,patron_incendio,0.2211,17.5897,0.3052,20.3508,0.1248,0.2469,0.2407,0.2326,0.2434,0.2421,0.2404,8.384,8.4556,8.4429,8.7507,8.7664,8.9893,0.0992,0.1052,0.1148,0.1174,0.121,0.1294,20.6551,20.6418,20.6509,20.6481,20.6528,20.6588,0.7544,0.6932,0.5286,0.5604,0.5226,0.6406
174,Galeria_Central,2026-06-08T11:51:04.599925,SEGURO,False,0.6366,True,patron_multivariado,0.1633,3.1701,0.0788,20.407,0.0812,0.129,0.1146,0.1248,0.1131,0.1165,0.1126,5.9337,5.3977,4.69,5.9339,4.4535,4.6983,0.073,0.0659,0.0648,0.0607,0.0536,0.0563,20.5804,20.5746,20.5972,20.5941,20.625,20.6435,0.5219,0.558,0.6111,0.3892,0.3457,0.3055
175,Bocamina,2026-06-08T11:51:05.649699,SEGURO,False,0.6003,False,,0.1607,1.766,0.0518,20.2392,0.0397,0.1619,0.1405,0.1518,0.1566,0.1586,0.1588,5.6222,6.7924,6.7635,4.0972,5.7065,5.7592,0.0745,0.0782,0.0833,0.0788,0.0906,0.0959,20.7164,20.6884,20.7283,20.7234,20.7262,20.7165,0.108,0.1768,0.0972,0.1344,0.4459,0.3185
176,Frente_A_Sogamoso,2026-06-08T11:51:06.710676,PRECAUCIÓN,False,0.6434,True,patron_multivariado,0.2749,19.6885,0.3113,20.4339,0.1873,0.2592,0.2572,0.2589,0.258,0.2585,0.2718,9.1681,9.1343,8.4202,8.2441,8.4183,8.5189,0.1237,0.1219,0.1225,0.1211,0.1247,0.1234,20.6642,20.6549,20.6519,20.6497,20.6405,20.6383,0.747,0.6934,0.6811,0.6137,0.5616,0.5289
177,Frente_B_Mongua,2026-06-08T11:51:07.749716,PRECAUCIÓN,False,0.6447,True,patron_multivariado,0.2099,18.3186,0.3227,20.3592,0.1223,0.2491,0.2416,0.2334,0.2435,0.2414,0.2394,8.3037,8.3575,8.2762,8.5989,8.6281,8.9194,0.0978,0.1042,0.1136,0.1168,0.1204,0.1287,20.6543,20.643,20.6525,20.6503,20.655,20.6589,0.7713,0.7105,0.542,0.5764,0.5382,0.6526
178,Galeria_Central,2026-06-08T11:51:08.807392,SEGURO,False,0.6372,True,patron_multivariado,0.1453,3.1022,0.0799,20.4694,0.0794,0.1297,0.1167,0.1275,0.1172,0.1223,0.1188,5.9376,5.4225,4.7696,5.971,4.6554,4.9605,0.0736,0.0671,0.0661,0.0625,0.056,0.0591,20.5837,20.5802,20.6024,20.6006,20.6304,20.649,0.4959,0.5289,0.5875,0.3741,0.3377,0.3077
179,Bocamina,2026-06-08T11:51:09.846546,SEGURO,False,0.5992,False,,0.1259,1.8103,0.0514,20.3441,0.0388,0.1649,0.1422,0.153,0.1562,0.1584,0.1594,5.6435,6.8821,6.8108,4.1421,5.8173,5.8073,0.0748,0.0788,0.0833,0.0792,0.0906,0.096,20.7172,20.6899,20.7284,20.7232,20.7264,20.717,0.1296,0.1957,0.1076,0.139,0.4342,0.3119
180,Frente_A_Sogamoso,2026-06-08T11:51:10.889184,PRECAUCIÓN,False,0.6382,True,patron_multivariado,0.2727,15.9942,0.2825,20.425,0.1792,0.2568,0.2554,0.2586,0.2593,0.2609,0.2742,9.3004,9.2926,8.5987,8.3892,8.5492,8.5949,0.1271,0.1251,0.1253,0.1231,0.1271,0.1254,20.667,20.6564,20.6528,20.65,20.6419,20.6392,0.8278,0.7605,0.7322,0.6546,0.5784,0.5349
181,Frente_B_Mongua,2026-06-08T11:51:11.942040,PRECAUCIÓN,False,0.637,True,patron_multivariado,0.2027,14.7803,0.2865,20.3803,0.1157,0.2516,0.2429,0.2349,0.2439,0.2409,0.2387,8.2135,8.2509,8.1025,8.446,8.4895,8.8514,0.0966,0.1033,0.1124,0.1163,0.1196,0.1279,20.6541,20.6447,20.6546,20.653,20.6576,20.6593,0.7884,0.7288,0.5598,0.5945,0.5564,0.6669
182,Galeria_Central,2026-06-08T11:51:12.984103,SEGURO,False,0.6369,True,patron_multivariado,0.1321,3.0536,0.0807,20.528,0.0758,0.1321,0.1207,0.132,0.123,0.1293,0.1261,5.9817,5.4921,4.9037,6.0552,4.9124,5.2657,0.0746,0.0688,0.0678,0.0646,0.0589,0.0621,20.5867,20.5855,20.6072,20.6066,20.6355,20.654,0.4691,0.4975,0.5613,0.36,0.3323,0.3135
183,Bocamina,2026-06-08T11:51:14.036053,SEGURO,False,0.6096,False,,0.2967,1.8086,0.0506,20.3307,0.0398,0.1678,0.144,0.154,0.1558,0.1579,0.1598,5.6828,6.9868,6.8715,4.2438,5.9508,5.873,0.0756,0.0799,0.0835,0.0798,0.0906,0.0958,20.7192,20.6929,20.7294,20.724,20.7273,20.7184,0.1536,0.2153,0.1184,0.1445,0.4203,0.3042
184,Frente_A_Sogamoso,2026-06-08T11:51:15.073084,PRECAUCIÓN,False,0.635,True,patron_multivariado,0.4054,13.3597,0.2547,20.3657,0.1751,0.2554,0.2546,0.2592,0.2612,0.2642,0.2769,9.3607,9.3783,8.7543,8.5253,8.6588,8.6498,0.1297,0.1276,0.1273,0.1245,0.1288,0.1268,20.6691,20.6579,20.6535,20.6503,20.6441,20.6411,0.9,0.8211,0.7754,0.6859,0.5897,0.5354
185,Frente_B_Mongua,2026-06-08T11:51:16.119689,PRECAUCIÓN,False,0.6318,True,patron_multivariado,0.2,12.0882,0.2539,20.4038,0.1171,0.2536,0.2441,0.2366,0.2445,0.2406,0.2382,8.1184,8.1462,7.9389,8.2957,8.35,8.7801,0.0956,0.1027,0.1113,0.1159,0.1188,0.1272,20.6549,20.6468,20.6571,20.656,20.6601,20.66,0.7996,0.7434,0.5769,0.6107,0.5725,0.6805
186,Galeria_Central,2026-06-08T11:51:17.157439,SEGURO,False,0.6343,True,patron_multivariado,0.121,3.0407,0.0812,20.5754,0.0784,0.1356,0.1256,0.1377,0.13,0.1375,0.1341,6.0777,5.6221,5.1116,6.1833,5.2125,5.5886,0.0758,0.0707,0.0701,0.0671,0.0618,0.0649,20.587,20.5873,20.6089,20.6089,20.6371,20.655,0.4594,0.4802,0.5429,0.3555,0.3336,0.3213
187,Bocamina,2026-06-08T11:51:18.205731,PRECAUCIÓN,False,0.6137,True,incremento_brusco,0.4227,1.808,0.0509,20.2501,0.0389,0.1695,0.1452,0.1543,0.155,0.1574,0.16,5.7405,7.0987,6.9423,4.394,6.0853,5.9469,0.0769,0.0813,0.0839,0.0807,0.0905,0.0954,20.7218,20.6965,20.731,20.7254,20.7285,20.7203,0.1724,0.2281,0.1255,0.1496,0.4085,0.2963
188,Frente_A_Sogamoso,2026-06-08T11:51:19.263877,PRECAUCIÓN,False,0.6339,True,incremento_brusco,0.5063,11.3241,0.2303,20.2731,0.183,0.2553,0.2547,0.2603,0.2634,0.268,0.2796,9.3913,9.4464,8.8986,8.6505,8.7276,8.6701,0.1319,0.1294,0.1285,0.1254,0.1299,0.1276,20.6711,20.6593,20.6541,20.651,20.6467,20.6436,0.9,0.8761,0.8125,0.7101,0.5947,0.5316
189,Frente_B_Mongua,2026-06-08T11:51:20.298550,PRECAUCIÓN,False,0.6257,True,patron_multivariado,0.2015,10.1329,0.2236,20.4362,0.1174,0.2548,0.2447,0.2378,0.245,0.2403,0.2379,8.0229,8.0501,7.7959,8.155,8.2168,8.708,0.095,0.1023,0.1103,0.1155,0.118,0.1265,20.6565,20.6493,20.6599,20.6588,20.6624,20.661,0.8028,0.7525,0.5907,0.6232,0.5848,0.6922
190,Galeria_Central,2026-06-08T11:51:21.339594,SEGURO,False,0.6343,True,patron_multivariado,0.1179,3.0734,0.0814,20.6181,0.079,0.1397,0.1312,0.1442,0.1375,0.146,0.142,6.2137,5.7931,5.3591,6.3351,5.5306,5.9056,0.0773,0.0727,0.0727,0.0696,0.0646,0.0672,20.5839,20.585,20.6066,20.6068,20.6347,20.6518,0.4682,0.4787,0.5349,0.3614,0.3421,0.3306
191,Bocamina,2026-06-08T11:51:22.393719,PRECAUCIÓN,False,0.6188,True,incremento_brusco,0.5152,1.8233,0.0514,20.1367,0.0386,0.1698,0.1457,0.1539,0.1543,0.1569,0.16,5.8006,7.1929,7.0091,4.5602,6.1942,6.0098,0.0785,0.0827,0.0845,0.0814,0.0904,0.0948,20.7245,20.6998,20.7326,20.7269,20.7296,20.7221,0.183,0.2324,0.1278,0.1534,0.4018,0.2902
192,Frente_A_Sogamoso,2026-06-08T11:51:23.439230,PRECAUCIÓN,False,0.6303,True,incremento_brusco,0.5763,9.9115,0.2056,20.1707,0.1846,0.2564,0.2555,0.2618,0.2657,0.2718,0.282,9.4147,9.5181,9.0297,8.7548,8.7513,8.6476,0.1337,0.1307,0.129,0.1258,0.1303,0.1279,20.6735,20.6607,20.6548,20.6519,20.6495,20.6464,0.9,0.9,0.8477,0.7313,0.5949,0.5253
193,Frente_B_Mongua,2026-06-08T11:51:24.481527,PRECAUCIÓN,False,0.6204,True,patron_multivariado,0.2038,8.5165,0.1984,20.466,0.1146,0.255,0.2446,0.2384,0.2452,0.2401,0.2377,7.9365,7.9704,7.6825,8.031,8.0962,8.6388,0.0947,0.1021,0.1095,0.1152,0.1174,0.1259,20.6587,20.6521,20.6628,20.6615,20.6645,20.6621,0.7983,0.7555,0.5998,0.6314,0.5928,0.7006
194,Galeria_Central,2026-06-08T11:51:25.530029,SEGURO,False,0.636,True,patron_multivariado,0.1141,3.172,0.0829,20.6394,0.0789,0.1444,0.1371,0.1507,0.1445,0.1536,0.1487,6.3668,5.9682,5.594,6.486,5.8421,6.1969,0.0787,0.0745,0.0753,0.0717,0.0666,0.0685,20.575,20.5765,20.5986,20.5988,20.6275,20.6434,0.4985,0.496,0.5408,0.3792,0.3596,0.3419
195,Bocamina,2026-06-08T11:51:26.577013,PRECAUCIÓN,False,0.6233,True,incremento_brusco,0.5829,1.886,0.0516,20.0163,0.0393,0.1688,0.1454,0.153,0.1537,0.1567,0.1599,5.8506,7.2521,7.0601,4.7059,6.2594,6.0484,0.0799,0.0837,0.085,0.0819,0.0901,0.0941,20.7265,20.7021,20.7339,20.7282,20.7304,20.7235,0.1845,0.2286,0.1257,0.1556,0.4014,0.287
196,Frente_A_Sogamoso,2026-06-08T11:51:27.622818,PRECAUCIÓN,False,0.6306,True,incremento_brusco,0.6336,8.7756,0.1895,20.0733,0.1883,0.2583,0.2567,0.2634,0.2679,0.2752,0.284,9.4351,9.5894,9.1328,8.8192,8.7245,8.5744,0.1352,0.1314,0.1289,0.1257,0.1302,0.1277,20.676,20.6619,20.6556,20.653,20.6524,20.6493,0.9,0.9,0.8834,0.7521,0.5919,0.5181
197,Frente_B_Mongua,2026-06-08T11:51:28.665636,PRECAUCIÓN,False,0.6208,True,patron_multivariado,0.2011,7.3091,0.178,20.4913,0.1229,0.2545,0.244,0.2385,0.2451,0.2398,0.2374,7.8648,7.9108,7.6017,7.928,7.9927,8.5755,0.0948,0.1021,0.1088,0.115,0.117,0.1255,20.6613,20.6549,20.6656,20.6641,20.6662,20.6635,0.7871,0.7531,0.6039,0.6354,0.5968,0.7056
198,Galeria_Central,2026-06-08T11:51:29.718853,SEGURO,False,0.6369,True,patron_multivariado,0.105,3.2979,0.0817,20.6637,0.0782,0.1494,0.1428,0.1565,0.1501,0.1596,0.1531,6.5135,6.1147,5.77,6.6086,6.1191,6.4413,0.0799,0.0758,0.0776,0.073,0.0677,0.0686,20.5598,20.5612,20.5845,20.5846,20.6155,20.6299,0.5512,0.5335,0.5626,0.4091,0.3865,0.3563
199,Bocamina,2026-06-08T11:51:30.761119,PRECAUCIÓN,False,0.6261,True,incremento_brusco,0.6344,1.885,0.0516,19.8963,0.0402,0.1668,0.1447,0.152,0.1536,0.1567,0.1597,5.8823,7.2699,7.0885,4.8052,6.2742,6.0581,0.0809,0.0844,0.0854,0.0819,0.0899,0.0934,20.7277,20.703,20.7347,20.729,20.7307,20.7241,0.1779,0.2184,0.1201,0.156,0.4067,0.2865
200,Frente_A_Sogamoso,2026-06-08T11:51:31.813226,PRECAUCIÓN,False,0.631,True,patron_multivariado,0.6654,7.9706,0.176,19.977,0.1849,0.2607,0.2581,0.2651,0.2698,0.278,0.2854,9.4472,9.651,9.1946,8.8307,8.6455,8.4474,0.1365,0.1316,0.1282,0.1252,0.1294,0.1269,20.6787,20.6628,20.6565,20.6542,20.6553,20.652,0.9,0.9,0.9,0.7734,0.5871,0.5104
201,Frente_B_Mongua,2026-06-08T11:51:32.865271,PRECAUCIÓN,False,0.6257,True,patron_multivariado,0.1998,10.4465,0.2175,20.5014,0.1246,0.2533,0.243,0.2379,0.2448,0.2395,0.237,7.8103,7.8709,7.5516,7.8464,7.9071,8.5196,0.0951,0.1023,0.1083,0.1148,0.1168,0.1252,20.6641,20.6578,20.6683,20.6664,20.6678,20.665,0.771,0.7461,0.6035,0.6357,0.5974,0.707
202,Galeria_Central,2026-06-08T11:51:33.910751,PRECAUCIÓN,False,0.6512,True,patron_incendio,0.1015,11.328,0.2077,20.6497,0.0785,0.155,0.149,0.1619,0.1548,0.164,0.156,6.6416,6.2282,5.8825,6.708,6.3513,6.6468,0.0814,0.0772,0.0797,0.0738,0.0684,0.0685,20.5459,20.5476,20.5719,20.5724,20.6059,20.6188,0.5955,0.5668,0.5853,0.4388,0.4162,0.3766
203,Bocamina,2026-06-08T11:51:34.957093,PRECAUCIÓN,False,0.634,True,incremento_brusco,0.6735,1.8817,0.051,19.7864,0.0386,0.1644,0.1434,0.1509,0.1537,0.1571,0.1595,5.8904,7.2483,7.0921,4.8439,6.2409,6.0403,0.0813,0.0844,0.0855,0.0816,0.0896,0.0928,20.7277,20.7024,20.7347,20.7291,20.7305,20.724,0.1649,0.2041,0.1123,0.1544,0.4165,0.2888
204,Frente_A_Sogamoso,2026-06-08T11:51:35.995501,PRECAUCIÓN,False,0.6303,True,patron_multivariado,0.7044,7.547,0.1634,19.9028,0.1832,0.2631,0.2594,0.2664,0.2711,0.2799,0.2859,9.4399,9.6864,9.2019,8.7777,8.5127,8.265,0.1373,0.1312,0.1268,0.1241,0.128,0.1255,20.6811,20.6634,20.6573,20.6556,20.6581,20.6544,0.9,0.9,0.9,0.7954,0.5815,0.5022
205,Frente_B_Mongua,2026-06-08T11:51:37.043664,PRECAUCIÓN,False,0.6348,True,patron_incendio,0.1949,12.8009,0.2499,20.4918,0.1217,0.2523,0.2422,0.2377,0.2444,0.2393,0.2366,7.7778,7.8468,7.5198,7.7879,7.8425,8.4794,0.0956,0.1026,0.108,0.1146,0.1166,0.1251,20.6666,20.6605,20.6708,20.6687,20.6694,20.6667,0.758,0.7403,0.6034,0.636,0.5989,0.7075
206,Galeria_Central,2026-06-08T11:51:38.093519,PRECAUCIÓN,False,0.6674,True,patron_incendio,0.1019,17.3037,0.3117,20.589,0.0809,0.1659,0.1592,0.1701,0.1618,0.1694,0.1591,6.8844,6.4537,6.0433,6.8097,6.5154,6.7426,0.0839,0.0793,0.0821,0.0747,0.069,0.0681,20.5373,20.539,20.5634,20.564,20.6001,20.6117,0.6259,0.5962,0.6084,0.4703,0.4456,0.4075
207,Bocamina,2026-06-08T11:51:39.143767,PRECAUCIÓN,False,0.6327,True,patron_multivariado,0.7027,1.8593,0.0509,19.6894,0.04,0.1618,0.1418,0.1497,0.154,0.1576,0.1592,5.8725,7.1944,7.0706,4.8185,6.1668,5.9984,0.0811,0.084,0.0854,0.081,0.0894,0.0924,20.7268,20.7005,20.734,20.7286,20.7297,20.7231,0.1482,0.1881,0.1035,0.1512,0.4291,0.2931
208,Frente_A_Sogamoso,2026-06-08T11:51:40.183228,PRECAUCIÓN,False,0.629,True,patron_multivariado,0.5874,7.0979,0.1546,19.9123,0.18,0.2653,0.2603,0.2671,0.2716,0.2807,0.2855,9.4065,9.6884,9.1485,8.6564,8.3253,8.0293,0.1377,0.1303,0.1249,0.1224,0.1261,0.1235,20.6834,20.6637,20.6581,20.6571,20.6607,20.6564,0.9,0.9,0.9,0.8167,0.5745,0.4922
209,Frente_B_Mongua,2026-06-08T11:51:41.229826,PRECAUCIÓN,False,0.6365,True,patron_incendio,0.1946,14.4215,0.2771,20.481,0.1189,0.252,0.2422,0.2382,0.2445,0.2393,0.2363,7.7644,7.8319,7.4966,7.7488,7.7965,8.4555,0.0962,0.1029,0.1079,0.1146,0.1165,0.1251,20.6686,20.663,20.6731,20.6709,20.6712,20.6686,0.7513,0.7382,0.6062,0.6378,0.6033,0.7082
210,Galeria_Central,2026-06-08T11:51:42.277572,PRECAUCIÓN,False,0.674,True,patron_incendio,0.0994,21.7463,0.3982,20.526,0.0769,0.1814,0.173,0.1812,0.1716,0.1759,0.1627,7.2295,6.7736,6.2306,6.8729,6.5603,6.6718,0.0875,0.082,0.0849,0.0756,0.0693,0.0676,20.5367,20.5377,20.5613,20.5614,20.5997,20.6102,0.6433,0.6233,0.6353,0.5062,0.4747,0.4488
211,Bocamina,2026-06-08T11:51:43.316473,PRECAUCIÓN,False,0.6234,True,patron_multivariado,0.5267,1.8908,0.0508,19.7152,0.0401,0.1595,0.1401,0.1486,0.1546,0.1581,0.159,5.8271,7.1177,7.0282,4.7347,6.0636,5.9393,0.0803,0.0831,0.0851,0.0802,0.0892,0.0923,20.7249,20.6973,20.7328,20.7274,20.7284,20.7215,0.1293,0.1718,0.0945,0.1465,0.4427,0.2989
212,Frente_A_Sogamoso,2026-06-08T11:51:44.363314,PRECAUCIÓN,False,0.6224,True,patron_multivariado,0.5146,6.7897,0.1498,19.9513,0.1685,0.2665,0.2606,0.267,0.2712,0.2806,0.2841,9.2952,9.5905,9.0013,8.4502,8.0891,7.7465,0.1368,0.1286,0.1224,0.1201,0.1234,0.1209,20.6846,20.6638,20.6587,20.6588,20.6632,20.6583,0.9,0.9,0.9,0.83,0.565,0.4777
213,Frente_B_Mongua,2026-06-08T11:51:45.414791,PRECAUCIÓN,False,0.6384,True,patron_incendio,0.2026,15.6932,0.301,20.4694,0.1223,0.2524,0.243,0.2396,0.245,0.2396,0.2363,7.7638,7.8211,7.4758,7.7244,7.7654,8.4453,0.0969,0.1033,0.1079,0.1145,0.1163,0.125,20.6702,20.6651,20.6751,20.6731,20.6731,20.6705,0.7514,0.7402,0.6128,0.6416,0.6107,0.7102
214,Galeria_Central,2026-06-08T11:51:46.461521,PRECAUCIÓN,False,0.6828,True,patron_incendio,0.1036,24.9963,0.4671,20.4511,0.0753,0.1994,0.1886,0.1939,0.1832,0.1831,0.1668,7.6077,7.1093,6.3833,6.8564,6.4601,6.4211,0.0916,0.0849,0.0877,0.0762,0.0691,0.0669,20.5442,20.544,20.5658,20.565,20.6046,20.6147,0.6512,0.65,0.6673,0.5468,0.5035,0.4967
215,Bocamina,2026-06-08T11:51:47.497679,SEGURO,False,0.616,False,,0.3958,1.8652,0.0513,19.8078,0.0399,0.1584,0.139,0.1483,0.1552,0.1586,0.1588,5.762,7.0312,6.9705,4.6086,5.9552,5.867,0.079,0.0819,0.0845,0.0793,0.0891,0.0925,20.7228,20.6942,20.7312,20.7259,20.7271,20.7197,0.1151,0.1617,0.0889,0.1423,0.453,0.3047
216,Frente_A_Sogamoso,2026-06-08T11:51:48.530633,SEGURO,False,0.6199,True,patron_multivariado,0.4486,6.4782,0.1392,20.0269,0.1767,0.267,0.2604,0.2661,0.2699,0.2793,0.2817,9.1016,9.3952,8.7685,8.1721,7.8093,7.4341,0.1348,0.1261,0.1192,0.1172,0.12,0.1177,20.685,20.664,20.6593,20.6607,20.6657,20.6599,0.9,0.9,0.9,0.8315,0.5517,0.458
217,Frente_B_Mongua,2026-06-08T11:51:49.577989,PRECAUCIÓN,False,0.6405,True,patron_incendio,0.201,16.4666,0.318,20.4477,0.1276,0.2537,0.2445,0.2418,0.246,0.2401,0.2366,7.7727,7.8133,7.4563,7.713,7.7485,8.4472,0.0976,0.1038,0.1081,0.1146,0.1161,0.125,20.6714,20.667,20.6769,20.6751,20.675,20.6724,0.7572,0.746,0.6232,0.6474,0.6206,0.7136
218,Galeria_Central,2026-06-08T11:51:50.618760,PRECAUCIÓN,False,0.6715,True,patron_multivariado,0.1005,19.2842,0.3983,20.4216,0.0769,0.2169,0.2039,0.2063,0.1951,0.1897,0.1705,7.9198,7.3512,6.4141,6.713,6.2016,5.9982,0.0955,0.0873,0.09,0.0761,0.0681,0.0658,20.5578,20.5556,20.5753,20.5733,20.6135,20.6235,0.657,0.6799,0.7052,0.5911,0.5326,0.5459
219,Bocamina,2026-06-08T11:51:51.664239,SEGURO,False,0.6117,False,,0.2999,1.8246,0.0511,19.9262,0.0379,0.1586,0.1387,0.1486,0.1557,0.159,0.1587,5.6961,6.9577,6.9133,4.4704,5.8695,5.8036,0.0776,0.0808,0.084,0.0785,0.0892,0.0928,20.7207,20.6915,20.7297,20.7245,20.7261,20.7181,0.1078,0.1589,0.0874,0.1392,0.4576,0.3086
220,Frente_A_Sogamoso,2026-06-08T11:51:52.702235,SEGURO,False,0.6182,True,patron_multivariado,0.4088,6.273,0.1365,20.0946,0.1801,0.2668,0.2598,0.2645,0.2676,0.2771,0.2784,8.8318,9.1158,8.4632,7.8383,7.4949,7.1083,0.1315,0.1229,0.1155,0.1138,0.1161,0.114,20.6849,20.6648,20.6601,20.6632,20.6682,20.6615,0.9,0.9,0.9,0.8179,0.5324,0.4325
221,Frente_B_Mongua,2026-06-08T11:51:53.738574,PRECAUCIÓN,False,0.6365,True,patron_multivariado,0.2025,13.378,0.2804,20.4433,0.123,0.2555,0.2467,0.2448,0.2475,0.2408,0.2372,7.7838,7.8038,7.4338,7.7087,7.7403,8.4571,0.0982,0.1043,0.1083,0.1147,0.1159,0.1249,20.6725,20.6685,20.6785,20.6771,20.6769,20.6741,0.7675,0.7547,0.6368,0.6547,0.6323,0.7186
222,Galeria_Central,2026-06-08T11:51:54.783307,PRECAUCIÓN,False,0.6664,True,patron_multivariado,0.1015,14.9893,0.3398,20.4262,0.0749,0.2276,0.2139,0.2147,0.2041,0.1939,0.173,7.9815,7.3221,6.2039,6.4,5.8067,5.502,0.0976,0.0884,0.0908,0.0752,0.0666,0.0649,20.5746,20.5716,20.5893,20.5871,20.6266,20.6373,0.6621,0.7072,0.7414,0.6283,0.5591,0.5859
223,Bocamina,2026-06-08T11:51:55.817689,SEGURO,False,0.6048,False,,0.2294,1.9147,0.0508,20.0527,0.0395,0.1599,0.1391,0.1495,0.156,0.1592,0.1588,5.6486,6.9143,6.8704,4.3516,5.8234,5.7643,0.0764,0.08,0.0835,0.0781,0.0893,0.0934,20.719,20.6897,20.7286,20.7235,20.7254,20.717,0.1085,0.1633,0.0898,0.1377,0.4564,0.3101
224,Frente_A_Sogamoso,2026-06-08T11:51:56.852286,SEGURO,False,0.6182,True,patron_multivariado,0.3758,6.1571,0.1346,20.1758,0.1846,0.2662,0.2588,0.2621,0.2643,0.2738,0.2743,8.5141,8.7896,8.1136,7.4776,7.1649,6.7914,0.1275,0.1192,0.1117,0.1103,0.1121,0.1102,20.6847,20.6661,20.6613,20.6661,20.6705,20.6626,0.9,0.9,0.9,0.7905,0.5072,0.4027
225,Frente_B_Mongua,2026-06-08T11:51:57.888259,PRECAUCIÓN,False,0.6289,True,patron_multivariado,0.2054,11.1847,0.2467,20.4573,0.1187,0.2571,0.2486,0.2476,0.249,0.2417,0.2382,7.7933,7.7966,7.4168,7.708,7.7361,8.4653,0.099,0.1048,0.1085,0.1148,0.1157,0.1247,20.6737,20.67,20.68,20.6787,20.6784,20.6756,0.7752,0.7615,0.6491,0.6598,0.6414,0.7227
226,Galeria_Central,2026-06-08T11:51:58.935753,PRECAUCIÓN,False,0.6638,True,patron_multivariado,0.1023,11.9527,0.2916,20.4435,0.075,0.2311,0.2182,0.2183,0.2093,0.1957,0.1746,7.7889,7.0281,5.7926,5.9726,5.3571,5.0185,0.0979,0.0881,0.0902,0.0739,0.0653,0.0645,20.5933,20.5909,20.6069,20.6052,20.6431,20.655,0.6658,0.7281,0.7692,0.6533,0.5811,0.6155
227,Bocamina,2026-06-08T11:51:59.980359,SEGURO,False,0.6035,False,,0.1772,1.9133,0.0508,20.177,0.0383,0.1619,0.1401,0.1508,0.1561,0.1593,0.159,5.6279,6.9074,6.8499,4.276,5.8234,5.7564,0.0757,0.0797,0.0833,0.0781,0.0895,0.0939,20.7182,20.6893,20.728,20.723,20.7254,20.7166,0.1168,0.1736,0.0955,0.1382,0.45,0.309
228,Frente_A_Sogamoso,2026-06-08T11:52:01.026456,SEGURO,False,0.6163,True,patron_multivariado,0.3456,6.0818,0.1319,20.2566,0.1823,0.2652,0.2575,0.2591,0.2603,0.2695,0.2696,8.1751,8.4473,7.7456,7.117,6.8422,6.5046,0.1231,0.1155,0.1079,0.1068,0.1082,0.1065,20.6846,20.6679,20.6628,20.6692,20.6723,20.6634,0.9,0.9,0.9,0.7509,0.4769,0.3704
229,Frente_B_Mongua,2026-06-08T11:52:02.071481,PRECAUCIÓN,False,0.6257,True,patron_multivariado,0.2055,9.5673,0.2185,20.4719,0.113,0.258,0.25,0.2499,0.2505,0.2426,0.2393,7.8049,7.798,7.4128,7.7129,7.7358,8.469,0.0998,0.1055,0.1088,0.115,0.1156,0.1246,20.6751,20.6714,20.6813,20.68,20.6796,20.677,0.7775,0.7642,0.6576,0.6617,0.6462,0.7247
230,Galeria_Central,2026-06-08T11:52:03.119936,PRECAUCIÓN,False,0.6512,True,patron_multivariado,0.0996,9.6394,0.2508,20.475,0.0792,0.2292,0.218,0.2183,0.2117,0.1964,0.1764,7.4168,6.5575,5.2794,5.4988,4.9244,4.6009,0.0967,0.0868,0.0886,0.0724,0.0644,0.0646,20.6119,20.6111,20.6259,20.6251,20.6604,20.6735,0.6725,0.7437,0.7874,0.6674,0.5974,0.634
231,Bocamina,2026-06-08T11:52:04.160708,SEGURO,False,0.5992,False,,0.1372,1.95,0.0511,20.297,0.0396,0.1643,0.1415,0.1521,0.156,0.1592,0.1593,5.6356,6.936,6.8545,4.258,5.8685,5.7806,0.0755,0.0798,0.0832,0.0784,0.0897,0.0943,20.7183,20.6903,20.7282,20.7233,20.726,20.7171,0.1313,0.1883,0.1036,0.1406,0.4398,0.3057
232,Frente_A_Sogamoso,2026-06-08T11:52:05.213104,SEGURO,False,0.6153,True,patron_multivariado,0.3342,6.0023,0.1295,20.3197,0.1791,0.2639,0.2558,0.2556,0.2557,0.2646,0.2646,7.8394,8.1127,7.3816,6.7799,6.5487,6.266,0.1185,0.1119,0.1046,0.1037,0.1047,0.1033,20.6846,20.6701,20.6645,20.6722,20.6736,20.6636,0.9,0.9,0.9,0.7021,0.4429,0.3377
233,Frente_B_Mongua,2026-06-08T11:52:06.261448,SEGURO,False,0.6194,True,patron_multivariado,0.1989,8.2517,0.1967,20.4995,0.1138,0.2581,0.2507,0.2514,0.2515,0.2433,0.2404,7.8217,7.8108,7.4249,7.7245,7.74,8.4684,0.1007,0.1061,0.1091,0.1151,0.1156,0.1245,20.6767,20.6728,20.6824,20.6809,20.6803,20.6783,0.7739,0.7625,0.6614,0.66,0.6468,0.7239
234,Galeria_Central,2026-06-08T11:52:07.314296,PRECAUCIÓN,False,0.6464,True,patron_multivariado,0.101,7.9198,0.2164,20.4989,0.0786,0.2236,0.2147,0.2159,0.2122,0.1969,0.1789,6.948,6.0085,4.7648,5.0458,4.5639,4.2906,0.0944,0.0849,0.0864,0.0714,0.0642,0.0655,20.6313,20.6327,20.6464,20.6466,20.6781,20.6924,0.6776,0.7497,0.7938,0.672,0.6089,0.6454
235,Bocamina,2026-06-08T11:52:08.354670,SEGURO,False,0.6022,False,,0.1095,1.9507,0.051,20.3961,0.0394,0.1667,0.1431,0.1534,0.1557,0.1588,0.1596,5.6682,6.9941,6.8819,4.3029,5.9522,5.8329,0.0759,0.0804,0.0834,0.0791,0.0898,0.0945,20.7197,20.6929,20.7292,20.7243,20.7272,20.7186,0.1504,0.2058,0.1132,0.1446,0.4266,0.3008
236,Frente_A_Sogamoso,2026-06-08T11:52:09.408757,SEGURO,False,0.6127,False,,0.3207,5.952,0.1267,20.3761,0.1867,0.2623,0.2539,0.2521,0.2507,0.2593,0.2595,7.5339,7.8112,7.0439,6.4855,6.3,6.0848,0.1143,0.1086,0.1018,0.1012,0.102,0.1008,20.6848,20.6725,20.6663,20.6751,20.6744,20.6634,0.9,0.9,0.9,0.6487,0.4079,0.3073
237,Frente_B_Mongua,2026-06-08T11:52:10.453188,SEGURO,False,0.6174,False,,0.2036,7.1682,0.1773,20.5232,0.1142,0.2575,0.2508,0.252,0.2522,0.244,0.2413,7.8456,7.8348,7.4529,7.7412,7.7474,8.4624,0.1017,0.1068,0.1094,0.1153,0.1157,0.1244,20.6783,20.6741,20.6834,20.6817,20.6809,20.6794,0.7651,0.7565,0.6606,0.6556,0.6443,0.7205
238,Galeria_Central,2026-06-08T11:52:11.489382,SEGURO,False,0.6444,True,patron_multivariado,0.1002,6.6406,0.1886,20.5243,0.0808,0.216,0.2097,0.2121,0.2115,0.1977,0.1823,6.4574,5.4644,4.3176,4.656,4.2973,4.0952,0.0916,0.0829,0.0841,0.071,0.0648,0.0673,20.6512,20.655,20.6675,20.6686,20.6953,20.7104,0.6813,0.7479,0.7911,0.6708,0.6176,0.6534
239,Bocamina,2026-06-08T11:52:12.526043,SEGURO,False,0.6011,False,,0.0896,1.8344,0.0512,20.4832,0.0398,0.1691,0.1448,0.1544,0.1551,0.1583,0.1597,5.7199,7.0724,6.9257,4.4062,6.0632,5.9048,0.0768,0.0814,0.0838,0.0799,0.0899,0.0944,20.7222,20.6969,20.7311,20.7261,20.7292,20.7209,0.1722,0.2242,0.1233,0.1499,0.4116,0.2947
240,Frente_A_Sogamoso,2026-06-08T11:52:13.579569,SEGURO,False,0.6127,False,,0.3103,5.8252,0.128,20.423,0.1857,0.2606,0.252,0.2486,0.2457,0.2539,0.2546,7.2744,7.5544,6.7454,6.2445,6.1075,5.965,0.1106,0.1059,0.0996,0.0992,0.0999,0.099,20.6851,20.675,20.6681,20.6774,20.6746,20.6628,0.9,0.9,0.8522,0.5941,0.3737,0.2805
241,Frente_B_Mongua,2026-06-08T11:52:14.629563,SEGURO,False,0.6128,False,,0.2057,6.4733,0.1613,20.5312,0.1112,0.2564,0.2502,0.2519,0.2525,0.2445,0.2421,7.8768,7.8696,7.4958,7.7635,7.7594,8.4536,0.1026,0.1074,0.1098,0.1155,0.1159,0.1244,20.6799,20.6754,20.6843,20.6823,20.6813,20.6804,0.7519,0.7469,0.6554,0.6489,0.6392,0.7148
242,Galeria_Central,2026-06-08T11:52:15.675405,SEGURO,False,0.6438,True,patron_multivariado,0.1067,5.7658,0.1653,20.5499,0.0823,0.208,0.204,0.2079,0.2103,0.1989,0.1862,6.0016,4.983,3.9744,4.3521,4.1262,4.0043,0.0889,0.0811,0.082,0.0711,0.0659,0.0695,20.6704,20.6763,20.6876,20.6891,20.7105,20.726,0.6859,0.7425,0.7837,0.6674,0.6247,0.6602
243,Bocamina,2026-06-08T11:52:16.713331,SEGURO,False,0.6019,False,,0.0732,1.8566,0.0514,20.5587,0.04,0.1711,0.1465,0.155,0.1544,0.1575,0.1597,5.785,7.1611,6.979,4.5585,6.1897,5.9877,0.0781,0.0827,0.0843,0.0809,0.09,0.0941,20.7259,20.7022,20.7338,20.7288,20.7318,20.7242,0.1948,0.2423,0.1343,0.1566,0.396,0.2882
244,Frente_A_Sogamoso,2026-06-08T11:52:17.760290,SEGURO,False,0.6133,False,,0.3022,5.6479,0.1268,20.4578,0.1832,0.2588,0.25,0.2453,0.2409,0.2487,0.2502,7.0719,7.351,6.4975,6.0652,5.9785,5.9082,0.1075,0.1038,0.0981,0.0979,0.0987,0.0979,20.6854,20.6772,20.6697,20.6791,20.6741,20.6618,0.8576,0.8375,0.7945,0.5418,0.3426,0.259
245,Frente_B_Mongua,2026-06-08T11:52:18.793539,SEGURO,False,0.611,False,,0.204,6.0256,0.1479,20.5491,0.1204,0.2548,0.2493,0.2511,0.2523,0.2448,0.2426,7.91,7.9095,7.5478,7.7893,7.7751,8.4442,0.1035,0.1081,0.1101,0.1156,0.1162,0.1245,20.6814,20.6766,20.685,20.6828,20.6817,20.6814,0.7358,0.7347,0.6468,0.6403,0.6319,0.7072
246,Galeria_Central,2026-06-08T11:52:19.837865,SEGURO,False,0.6388,True,patron_multivariado,0.1029,5.1935,0.1472,20.5776,0.0834,0.2006,0.1985,0.2039,0.2089,0.2006,0.1902,5.6175,4.6001,3.7501,4.1422,4.0418,3.9991,0.0863,0.0796,0.0803,0.0717,0.0675,0.0719,20.6879,20.6952,20.7052,20.7067,20.7227,20.7381,0.6934,0.7381,0.7754,0.6645,0.6313,0.6669
247,Bocamina,2026-06-08T11:52:20.885489,SEGURO,False,0.6004,False,,0.061,1.8332,0.0514,20.6142,0.0402,0.1727,0.1479,0.1553,0.1536,0.1567,0.1594,5.8574,7.2503,7.0337,4.7463,6.3201,6.0732,0.0797,0.0841,0.0848,0.082,0.0899,0.0935,20.7304,20.7086,20.7372,20.7322,20.7351,20.7283,0.2169,0.2591,0.1531,0.1683,0.3827,0.2829
248,Frente_A_Sogamoso,2026-06-08T11:52:21.931662,PRECAUCIÓN,False,0.6226,True,patron_multivariado,0.4047,5.7577,0.1265,20.4332,0.181,0.2569,0.248,0.2424,0.2365,0.2439,0.2464,6.9302,7.2023,6.3046,5.9474,5.9121,5.9091,0.1052,0.1023,0.0973,0.0972,0.0983,0.0976,20.6854,20.6789,20.6709,20.68,20.6731,20.6606,0.7748,0.7633,0.7391,0.4942,0.3162,0.2434
249,Frente_B_Mongua,2026-06-08T11:52:22.979429,SEGURO,False,0.6112,False,,0.199,5.7444,0.1372,20.5715,0.1202,0.2531,0.248,0.2499,0.2519,0.2449,0.2429,7.944,7.9522,7.6052,7.8162,7.7927,8.4338,0.1045,0.1087,0.1104,0.1157,0.1166,0.1246,20.6827,20.6778,20.6857,20.6832,20.682,20.6824,0.7177,0.7207,0.6356,0.6302,0.6232,0.6983
250,Galeria_Central,2026-06-08T11:52:24.013132,SEGURO,False,0.6381,True,patron_multivariado,0.105,4.7516,0.1335,20.6065,0.084,0.1943,0.1938,0.2006,0.2076,0.2027,0.1943,5.3209,4.3279,3.64,4.0205,4.0284,4.06,0.0842,0.0783,0.0791,0.0726,0.0692,0.0743,20.7028,20.7108,20.7195,20.7207,20.7315,20.7464,0.7043,0.7366,0.7682,0.663,0.6369,0.673
251,Bocamina,2026-06-08T11:52:25.057292,SEGURO,False,0.6004,False,,0.0541,1.8225,0.0507,20.6619,0.0403,0.1738,0.1491,0.1552,0.1526,0.1557,0.1588,5.9332,7.3316,7.0829,4.9546,6.4433,6.1538,0.0813,0.0857,0.0854,0.083,0.0898,0.0927,20.7357,20.7156,20.7412,20.7362,20.7389,20.7331,0.2372,0.2738,0.1713,0.1805,0.3697,0.2779
252,Frente_A_Sogamoso,2026-06-08T11:52:26.097395,SEGURO,False,0.6199,True,patron_multivariado,0.4806,5.7755,0.1258,20.3622,0.1854,0.2554,0.2463,0.24,0.2327,0.2396,0.2433,6.8875,7.1553,6.1909,5.8987,5.9011,5.9581,0.104,0.1016,0.0972,0.0972,0.0986,0.0981,20.6857,20.6801,20.6717,20.6803,20.6716,20.6589,0.7038,0.6998,0.6917,0.4565,0.2953,0.2349
253,Frente_B_Mongua,2026-06-08T11:52:27.145221,SEGURO,False,0.6121,False,,0.2006,5.2287,0.1306,20.5905,0.1277,0.2512,0.2465,0.2484,0.2511,0.2449,0.2429,7.9775,7.9955,7.6636,7.8417,7.8095,8.4196,0.1053,0.1092,0.1107,0.1159,0.117,0.1247,20.6839,20.6791,20.6864,20.6837,20.6824,20.6834,0.6982,0.7052,0.6225,0.6188,0.6132,0.688
254,Galeria_Central,2026-06-08T11:52:28.186809,PRECAUCIÓN,False,0.6458,True,patron_incendio,0.103,7.8062,0.1845,20.6093,0.0845,0.1897,0.1903,0.1984,0.2068,0.2052,0.1982,5.1044,4.1569,3.6319,3.9865,4.082,4.1797,0.0827,0.0775,0.0783,0.0738,0.0711,0.0767,20.7154,20.7234,20.7308,20.7313,20.7375,20.7516,0.7092,0.7297,0.7544,0.6561,0.6351,0.6728
255,Bocamina,2026-06-08T11:52:29.231445,SEGURO,False,0.6,False,,0.0492,1.7762,0.0511,20.6954,0.0384,0.1743,0.1499,0.1546,0.1515,0.1546,0.158,6.0097,7.3991,7.1216,5.1698,6.5513,6.2252,0.083,0.0873,0.086,0.084,0.0895,0.0918,20.7413,20.7232,20.7456,20.7408,20.7432,20.7384,0.2552,0.286,0.1883,0.1926,0.3575,0.2734
256,Frente_A_Sogamoso,2026-06-08T11:52:30.283531,PRECAUCIÓN,False,0.6214,True,patron_multivariado,0.536,5.7504,0.1245,20.2944,0.1846,0.254,0.2445,0.2377,0.2294,0.2357,0.2406,6.9574,7.2199,6.1707,5.9321,5.9582,6.0672,0.1038,0.1015,0.0978,0.0979,0.0996,0.0991,20.6847,20.679,20.6707,20.6785,20.6682,20.6554,0.6514,0.6512,0.6558,0.4334,0.2828,0.2352
257,Frente_B_Mongua,2026-06-08T11:52:31.317264,SEGURO,False,0.6101,False,,0.197,5.0211,0.1238,20.6072,0.1211,0.2494,0.245,0.2466,0.2501,0.2447,0.2428,8.0105,8.039,7.7217,7.8666,7.8268,8.4021,0.1062,0.1097,0.1109,0.116,0.1174,0.1248,20.685,20.6803,20.6871,20.6843,20.6829,20.6844,0.6779,0.6889,0.6084,0.6068,0.6027,0.6769
258,Galeria_Central,2026-06-08T11:52:32.354052,PRECAUCIÓN,False,0.6512,True,patron_incendio,0.1034,10.0,0.2233,20.5881,0.083,0.188,0.1891,0.1983,0.2079,0.2087,0.2026,4.9863,4.0999,3.7191,4.0151,4.1817,4.3192,0.0819,0.0773,0.0783,0.0754,0.0731,0.0789,20.7254,20.7327,20.739,20.7384,20.7405,20.7537,0.7058,0.7153,0.733,0.6441,0.6251,0.6657
259,Bocamina,2026-06-08T11:52:33.402682,SEGURO,False,0.5996,False,,0.0426,1.7699,0.0508,20.7255,0.0373,0.1742,0.1503,0.1537,0.1503,0.1536,0.1569,6.0841,7.4485,7.1459,5.3788,6.6381,6.2828,0.0846,0.0887,0.0865,0.0849,0.0893,0.0908,20.7471,20.7309,20.7504,20.7457,20.7478,20.7441,0.271,0.296,0.2042,0.2044,0.3464,0.2696
260,Frente_A_Sogamoso,2026-06-08T11:52:34.454032,PRECAUCIÓN,False,0.6214,True,patron_multivariado,0.5716,5.7533,0.1227,20.2113,0.1846,0.2527,0.2426,0.2355,0.2268,0.2323,0.2384,7.1157,7.3691,6.2267,6.0277,6.0683,6.2177,0.1044,0.102,0.0987,0.0989,0.1011,0.1006,20.6823,20.6758,20.668,20.6748,20.6632,20.6505,0.6195,0.619,0.6323,0.4244,0.2786,0.2435
261,Frente_B_Mongua,2026-06-08T11:52:35.493986,SEGURO,False,0.6098,False,,0.1974,4.87,0.1165,20.6167,0.1211,0.2477,0.2436,0.2448,0.2489,0.2445,0.2426,8.0414,8.0802,7.7759,7.8886,7.8426,8.3809,0.107,0.1102,0.1112,0.1161,0.1178,0.1248,20.686,20.6817,20.688,20.6851,20.6837,20.6856,0.6575,0.6722,0.5943,0.5944,0.5921,0.6653
262,Galeria_Central,2026-06-08T11:52:36.539404,PRECAUCIÓN,False,0.6601,True,patron_incendio,0.1006,11.726,0.2568,20.5772,0.0809,0.1887,0.1901,0.2004,0.2108,0.213,0.2071,4.9676,4.1481,3.8734,4.0803,4.2953,4.445,0.0818,0.0777,0.079,0.0771,0.0749,0.0808,20.7329,20.7386,20.744,20.7421,20.741,20.7534,0.6948,0.6948,0.7068,0.6284,0.6079,0.6517
263,Bocamina,2026-06-08T11:52:37.589835,PRECAUCIÓN,False,0.6269,True,patron_incendio,0.041,5.0283,0.1211,20.7263,0.0386,0.1736,0.1504,0.1526,0.1491,0.1525,0.1556,6.1524,7.4777,7.155,5.5727,6.7019,6.3259,0.0861,0.09,0.087,0.0857,0.089,0.0897,20.7528,20.7386,20.7554,20.7508,20.7526,20.7499,0.2842,0.3035,0.2186,0.2157,0.3363,0.2665
264,Frente_A_Sogamoso,2026-06-08T11:52:38.639172,PRECAUCIÓN,False,0.6205,True,patron_multivariado,0.6116,5.6983,0.1213,20.1419,0.177,0.2515,0.2407,0.2335,0.2248,0.2294,0.2366,7.3318,7.5688,6.333,6.1593,6.2098,6.3885,0.1056,0.1028,0.0998,0.1001,0.1027,0.1022,20.6785,20.6708,20.6637,20.6695,20.6568,20.6442,0.6082,0.6031,0.6218,0.4288,0.2824,0.2585
265,Frente_B_Mongua,2026-06-08T11:52:39.693856,SEGURO,False,0.6089,False,,0.2014,4.753,0.1121,20.6322,0.1274,0.2461,0.2422,0.2431,0.2478,0.2443,0.2424,8.0682,8.1173,7.8244,7.9073,7.8569,8.357,0.1078,0.1107,0.1115,0.1162,0.1182,0.1248,20.687,20.6832,20.6891,20.686,20.6846,20.6868,0.6373,0.6557,0.5806,0.582,0.5817,0.6536
266,Galeria_Central,2026-06-08T11:52:40.744920,PRECAUCIÓN,False,0.6497,True,patron_multivariado,0.098,9.4036,0.2217,20.575,0.0769,0.1916,0.1931,0.2044,0.2152,0.2178,0.2117,5.0291,4.2719,4.0607,4.1625,4.4052,4.5417,0.0823,0.0784,0.0803,0.0788,0.0767,0.0823,20.7377,20.7416,20.7464,20.7431,20.7398,20.7517,0.6773,0.6697,0.6775,0.6096,0.5851,0.6312
267,Bocamina,2026-06-08T11:52:41.787922,PRECAUCIÓN,False,0.6426,True,patron_incendio,0.0379,7.4044,0.1783,20.7172,0.0398,0.1723,0.1502,0.1513,0.1481,0.1518,0.1544,6.1839,7.4603,7.1502,5.75,6.7648,6.3786,0.087,0.0908,0.0872,0.0861,0.0886,0.0888,20.7583,20.7458,20.7602,20.7557,20.7573,20.7555,0.2943,0.309,0.2327,0.2265,0.3277,0.2652
268,Frente_A_Sogamoso,2026-06-08T11:52:42.819503,PRECAUCIÓN,False,0.6237,True,patron_multivariado,0.638,5.8209,0.1192,20.0758,0.1815,0.2503,0.2389,0.2316,0.2233,0.227,0.2351,7.5766,7.7904,6.469,6.3086,6.3664,6.5651,0.1071,0.1037,0.1009,0.1013,0.1043,0.1036,20.6734,20.6641,20.658,20.6628,20.6494,20.6369,0.6139,0.6008,0.622,0.4436,0.293,0.278
269,Frente_B_Mongua,2026-06-08T11:52:43.858463,SEGURO,False,0.6078,False,,0.201,4.586,0.1105,20.645,0.1241,0.2448,0.241,0.2416,0.2466,0.244,0.2421,8.093,8.152,7.8685,7.9246,7.8715,8.3313,0.1086,0.1112,0.1118,0.1163,0.1185,0.1247,20.688,20.6848,20.6903,20.6871,20.6858,20.6881,0.6177,0.6395,0.5678,0.5699,0.5718,0.642
270,Galeria_Central,2026-06-08T11:52:44.905381,SEGURO,False,0.6458,True,patron_multivariado,0.0978,7.7423,0.194,20.5798,0.0798,0.1947,0.1963,0.2087,0.2196,0.2221,0.2157,5.1223,4.4214,4.241,4.2563,4.5016,4.6229,0.0831,0.0794,0.0817,0.0804,0.0782,0.0835,20.7407,20.7428,20.7473,20.743,20.7384,20.7501,0.6549,0.6419,0.6459,0.5855,0.5563,0.6023
271,Bocamina,2026-06-08T11:52:45.944630,PRECAUCIÓN,False,0.6344,True,patron_incendio,0.0354,5.9928,0.1537,20.7169,0.0426,0.1706,0.1499,0.1503,0.1475,0.1516,0.1535,6.1712,7.3898,7.1303,5.9032,6.8277,6.4471,0.0871,0.0911,0.0872,0.0862,0.0883,0.088,20.7633,20.7522,20.7646,20.7602,20.7617,20.7607,0.3018,0.3126,0.2467,0.2374,0.3214,0.267
272,Frente_A_Sogamoso,2026-06-08T11:52:46.994036,PRECAUCIÓN,False,0.6263,True,patron_multivariado,0.6549,5.6435,0.1216,20.01,0.1781,0.2492,0.237,0.2298,0.2222,0.2249,0.2337,7.8239,8.0068,6.6119,6.4568,6.5224,6.7357,0.1086,0.1044,0.1018,0.1023,0.1056,0.1048,20.667,20.656,20.651,20.6549,20.6411,20.6287,0.6321,0.6082,0.6301,0.4657,0.3085,0.2998
273,Frente_B_Mongua,2026-06-08T11:52:48.042477,PRECAUCIÓN,False,0.6257,True,patron_incendio,0.1985,11.5686,0.1843,20.6192,0.1251,0.2438,0.24,0.2403,0.2455,0.2438,0.2419,8.1154,8.1834,7.907,7.9398,7.8855,8.3038,0.1094,0.1117,0.112,0.1164,0.1187,0.1245,20.689,20.6865,20.6916,20.6884,20.6871,20.6895,0.5989,0.6239,0.5563,0.5584,0.5626,0.6309
274,Galeria_Central,2026-06-08T11:52:49.091636,SEGURO,False,0.644,True,patron_multivariado,0.0982,6.544,0.1721,20.5954,0.0802,0.1974,0.1992,0.2127,0.2234,0.2256,0.219,5.2096,4.56,4.3925,4.3547,4.5874,4.6979,0.084,0.0804,0.0831,0.0819,0.0796,0.0846,20.7423,20.7432,20.7475,20.7428,20.7375,20.7492,0.628,0.6113,0.611,0.5556,0.5223,0.5664
275,Bocamina,2026-06-08T11:52:50.143930,SEGURO,False,0.6275,True,patron_multivariado,0.0327,4.8624,0.1333,20.7222,0.0423,0.1688,0.1497,0.1494,0.147,0.1514,0.1526,6.1531,7.3018,7.0962,6.0232,6.8623,6.5051,0.087,0.0911,0.0871,0.0863,0.088,0.0873,20.7676,20.7579,20.7686,20.7643,20.7659,20.7655,0.308,0.3146,0.259,0.2479,0.3174,0.271
276,Frente_A_Sogamoso,2026-06-08T11:52:51.192059,PRECAUCIÓN,False,0.6263,True,patron_multivariado,0.6632,5.6817,0.122,19.9578,0.1746,0.2481,0.2353,0.2281,0.2214,0.2232,0.2326,8.039,8.1906,6.7334,6.572,6.6441,6.8623,0.1099,0.105,0.1023,0.103,0.1064,0.1056,20.6607,20.6481,20.6442,20.6474,20.6333,20.621,0.6609,0.6254,0.6462,0.4925,0.3261,0.3205
277,Frente_B_Mongua,2026-06-08T11:52:52.241049,PRECAUCIÓN,False,0.6365,True,patron_incendio,0.1995,16.7277,0.2504,20.5757,0.1262,0.244,0.2402,0.2402,0.2449,0.2437,0.2418,8.1401,8.2037,7.9248,7.9533,7.9008,8.2868,0.1101,0.1121,0.1124,0.1166,0.1189,0.1243,20.6895,20.6879,20.6927,20.6899,20.6888,20.6908,0.5927,0.6168,0.5521,0.5528,0.5601,0.6228
278,Galeria_Central,2026-06-08T11:52:53.292541,SEGURO,False,0.6425,True,patron_multivariado,0.0981,5.7245,0.1551,20.6169,0.0778,0.1995,0.2016,0.2159,0.2264,0.2282,0.2216,5.2754,4.6736,4.5137,4.4573,4.6718,4.7781,0.0848,0.0813,0.0844,0.0832,0.0809,0.0856,20.7431,20.7432,20.7476,20.7428,20.7373,20.749,0.5977,0.5788,0.5737,0.5221,0.4862,0.5277
279,Bocamina,2026-06-08T11:52:54.340970,SEGURO,False,0.6255,True,patron_multivariado,0.0333,4.0055,0.1163,20.73,0.0423,0.1671,0.1495,0.1487,0.1464,0.1512,0.1518,6.1447,7.215,7.0519,6.11,6.8626,6.5428,0.0868,0.091,0.087,0.0864,0.0878,0.0869,20.7712,20.7629,20.7724,20.7682,20.7698,20.7699,0.3132,0.3151,0.2691,0.2578,0.3151,0.276
280,Frente_A_Sogamoso,2026-06-08T11:52:55.378975,PRECAUCIÓN,False,0.6269,True,patron_multivariado,0.6758,5.7844,0.1237,19.9029,0.1675,0.2471,0.2338,0.2266,0.221,0.2219,0.2316,8.21,8.3306,6.8248,6.6482,6.7259,6.9418,0.1109,0.1054,0.1024,0.1032,0.1068,0.1059,20.6547,20.6406,20.6378,20.6406,20.6265,20.6141,0.6968,0.6495,0.6679,0.5214,0.3443,0.3386
281,Frente_B_Mongua,2026-06-08T11:52:56.424244,PRECAUCIÓN,False,0.647,True,patron_incendio,0.198,20.5834,0.3055,20.5161,0.1266,0.2458,0.2419,0.2418,0.2452,0.2438,0.2418,8.1576,8.2039,7.913,7.9614,7.9148,8.2852,0.1106,0.1125,0.1129,0.1168,0.1189,0.124,20.6893,20.6888,20.6937,20.6914,20.6907,20.692,0.6021,0.6211,0.5582,0.5551,0.5663,0.6204
282,Galeria_Central,2026-06-08T11:52:57.462901,SEGURO,False,0.6389,True,patron_multivariado,0.1017,4.9952,0.1411,20.6343,0.0784,0.2011,0.2035,0.2184,0.2286,0.23,0.2237,5.3189,4.763,4.6136,4.5664,4.7642,4.8722,0.0856,0.0822,0.0854,0.0844,0.0821,0.0866,20.7435,20.7432,20.7477,20.7431,20.7377,20.7494,0.5655,0.5451,0.5352,0.4874,0.4505,0.4897
283,Bocamina,2026-06-08T11:52:58.510277,PRECAUCIÓN,False,0.6514,True,patron_incendio,0.0334,11.6453,0.2241,20.7007,0.0419,0.1654,0.1492,0.148,0.1458,0.1508,0.151,6.1495,7.1384,7.0044,6.1713,6.8351,6.5625,0.0868,0.091,0.0872,0.0866,0.0877,0.0865,20.7743,20.7675,20.7759,20.7719,20.7734,20.7739,0.3166,0.3141,0.2766,0.2663,0.3136,0.2809
284,Frente_A_Sogamoso,2026-06-08T11:52:59.561662,PRECAUCIÓN,False,0.6222,True,patron_multivariado,0.5714,5.8051,0.1242,19.9401,0.1734,0.2463,0.2323,0.225,0.2207,0.2209,0.2307,8.3265,8.4212,6.8733,6.6696,6.7484,6.956,0.1115,0.1054,0.1021,0.103,0.1066,0.1056,20.6496,20.6343,20.6322,20.6351,20.621,20.6084,0.7378,0.6795,0.6947,0.5513,0.3611,0.3524
285,Frente_B_Mongua,2026-06-08T11:53:00.614914,PRECAUCIÓN,False,0.6511,True,patron_incendio,0.1962,23.4199,0.3504,20.4686,0.1179,0.2492,0.2449,0.2451,0.2464,0.2443,0.2423,8.1553,8.1763,7.8663,7.9596,7.9226,8.2972,0.1109,0.1128,0.1133,0.117,0.1186,0.1236,20.6885,20.6891,20.6943,20.6929,20.6926,20.6928,0.6257,0.6364,0.5747,0.565,0.5805,0.6247
286,Galeria_Central,2026-06-08T11:53:01.672098,SEGURO,False,0.6381,True,patron_multivariado,0.1004,4.6946,0.128,20.6493,0.0765,0.2025,0.2051,0.2203,0.2301,0.2313,0.2253,5.3483,4.8376,4.704,4.6848,4.8686,4.9823,0.0863,0.083,0.0864,0.0855,0.0832,0.0876,20.7437,20.7433,20.748,20.7437,20.7386,20.7501,0.5326,0.5114,0.4971,0.4535,0.4173,0.4549
287,Bocamina,2026-06-08T11:53:02.719593,PRECAUCIÓN,False,0.6821,True,patron_incendio,0.0317,17.2585,0.3142,20.648,0.0405,0.1635,0.1489,0.1476,0.1456,0.1509,0.1506,6.1014,7.0155,6.9436,6.212,6.8191,6.6018,0.0863,0.0906,0.0871,0.0866,0.0876,0.0864,20.7768,20.7712,20.7788,20.775,20.7766,20.7773,0.3173,0.313,0.2841,0.2738,0.3126,0.2868
288,Frente_A_Sogamoso,2026-06-08T11:53:03.767638,SEGURO,False,0.6199,True,patron_multivariado,0.4972,5.8981,0.1211,19.9903,0.1799,0.2452,0.2309,0.2235,0.2204,0.2202,0.2299,8.3577,8.4221,6.8661,6.6364,6.7272,6.9221,0.1112,0.1049,0.1012,0.1022,0.1057,0.1048,20.645,20.6292,20.6276,20.6308,20.6168,20.604,0.7768,0.7086,0.7187,0.5752,0.3747,0.3596
289,Frente_B_Mongua,2026-06-08T11:53:04.812168,PRECAUCIÓN,False,0.6579,True,patron_incendio,0.1997,25.6496,0.3903,20.4247,0.114,0.2537,0.249,0.2496,0.2485,0.245,0.243,8.1296,8.1226,7.7878,7.9452,7.9204,8.3179,0.111,0.1129,0.1137,0.1173,0.1181,0.1231,20.6873,20.6888,20.6946,20.6941,20.6942,20.6931,0.6601,0.6607,0.5999,0.5811,0.6006,0.6356
290,Galeria_Central,2026-06-08T11:53:05.863191,SEGURO,False,0.6378,True,patron_multivariado,0.0968,4.2974,0.1162,20.6644,0.076,0.2035,0.2063,0.2216,0.2311,0.232,0.2264,5.3706,4.9037,4.7909,4.81,4.9836,5.106,0.0869,0.0838,0.0871,0.0865,0.0843,0.0886,20.7437,20.7433,20.7483,20.7444,20.7395,20.7507,0.5015,0.4797,0.4615,0.4226,0.3882,0.425
291,Bocamina,2026-06-08T11:53:06.895826,PRECAUCIÓN,False,0.6917,True,patron_incendio,0.0307,21.561,0.3896,20.5835,0.0389,0.1618,0.1489,0.1478,0.1463,0.1517,0.1508,5.9839,6.8297,6.8636,6.2252,6.8169,6.6672,0.085,0.0894,0.0867,0.0862,0.0875,0.0864,20.7787,20.7739,20.781,20.7774,20.7791,20.7799,0.3161,0.312,0.2921,0.2808,0.3132,0.2955
292,Frente_A_Sogamoso,2026-06-08T11:53:07.938198,SEGURO,False,0.6185,True,patron_multivariado,0.4406,5.8681,0.1191,20.0587,0.1779,0.244,0.2297,0.2221,0.2203,0.2197,0.2291,8.3089,8.3401,6.8077,6.5576,6.6673,6.8555,0.11,0.1039,0.0999,0.1009,0.1043,0.1034,20.6408,20.6252,20.6237,20.6277,20.6139,20.6009,0.8061,0.7299,0.7349,0.5899,0.3836,0.3599
293,Frente_B_Mongua,2026-06-08T11:53:08.977361,PRECAUCIÓN,False,0.6496,True,patron_multivariado,0.2034,20.2445,0.346,20.4049,0.1076,0.2588,0.2537,0.2549,0.2511,0.246,0.2441,8.0838,8.0493,7.6852,7.92,7.9086,8.3443,0.1107,0.1128,0.1139,0.1175,0.1174,0.1225,20.6859,20.6879,20.6946,20.695,20.6954,20.693,0.7017,0.6916,0.6316,0.602,0.6246,0.6519
294,Galeria_Central,2026-06-08T11:53:10.014873,SEGURO,False,0.6375,True,patron_multivariado,0.0978,4.0223,0.1095,20.6803,0.0743,0.2043,0.2072,0.2224,0.2315,0.2322,0.2271,5.3937,4.9705,4.8834,4.9445,5.1115,5.2443,0.0875,0.0845,0.0879,0.0874,0.0853,0.0896,20.7437,20.7434,20.7485,20.7451,20.7404,20.7513,0.472,0.4499,0.4285,0.3948,0.3631,0.3997
295,Bocamina,2026-06-08T11:53:11.069687,PRECAUCIÓN,False,0.693,True,patron_incendio,0.03,24.5934,0.4519,20.5183,0.0375,0.1604,0.1494,0.149,0.148,0.1533,0.1517,5.7993,6.5829,6.7586,6.1996,6.8149,6.7478,0.0829,0.0876,0.086,0.0854,0.0875,0.0867,20.7798,20.7755,20.7824,20.7789,20.7809,20.7817,0.3141,0.3111,0.3001,0.2874,0.3161,0.3082
296,Frente_A_Sogamoso,2026-06-08T11:53:12.120542,SEGURO,False,0.6182,True,patron_multivariado,0.4064,5.9349,0.1198,20.1378,0.1766,0.2429,0.2286,0.2208,0.22,0.2192,0.2281,8.1933,8.1941,6.7078,6.4466,6.5777,6.7715,0.1081,0.1024,0.0983,0.0992,0.1024,0.1016,20.6369,20.6222,20.6207,20.6257,20.6119,20.5986,0.8195,0.7383,0.7398,0.5932,0.3865,0.3537
297,Frente_B_Mongua,2026-06-08T11:53:13.168835,PRECAUCIÓN,False,0.6405,True,patron_multivariado,0.2098,16.226,0.3066,20.4005,0.1109,0.2631,0.2578,0.2598,0.2537,0.2469,0.2453,8.0239,7.9717,7.581,7.8875,7.8882,8.3632,0.1102,0.1127,0.114,0.1176,0.1166,0.1219,20.6849,20.6869,20.6945,20.6953,20.696,20.6924,0.7376,0.7195,0.6618,0.6218,0.6457,0.67
298,Galeria_Central,2026-06-08T11:53:14.212783,PRECAUCIÓN,False,0.6402,True,incremento_brusco,0.2824,3.805,0.1043,20.5968,0.0743,0.205,0.208,0.2229,0.2317,0.2322,0.2275,5.423,5.0433,4.9852,5.0875,5.2519,5.3946,0.0881,0.0853,0.0886,0.0883,0.0864,0.0906,20.7436,20.7434,20.7485,20.7456,20.7411,20.7515,0.4447,0.4225,0.3986,0.3705,0.3421,0.3789
299,Bocamina,2026-06-08T11:53:15.251810,PRECAUCIÓN,False,0.6988,True,patron_incendio,0.0292,26.8754,0.503,20.4607,0.0404,0.1596,0.1505,0.151,0.1505,0.1555,0.1532,5.5601,6.2878,6.6266,6.128,6.7973,6.828,0.0801,0.0852,0.0851,0.0844,0.0875,0.0872,20.78,20.7758,20.7829,20.7794,20.7819,20.7825,0.3121,0.3101,0.3071,0.2931,0.3217,0.3251
300,Frente_A_Sogamoso,2026-06-08T11:53:16.290179,SEGURO,False,0.6137,True,patron_multivariado,0.3738,5.843,0.1215,20.2126,0.1761,0.242,0.2278,0.2194,0.2195,0.2184,0.227,8.0356,8.0147,6.586,6.3248,6.4753,6.6888,0.1056,0.1007,0.0965,0.0975,0.1004,0.0997,20.6336,20.6204,20.6186,20.6246,20.6107,20.597,0.8149,0.7318,0.7323,0.585,0.383,0.3425
301,Frente_B_Mongua,2026-06-08T11:53:17.332868,PRECAUCIÓN,False,0.6338,True,patron_multivariado,0.2053,13.073,0.2696,20.4242,0.1074,0.2661,0.2606,0.2636,0.256,0.2477,0.2466,7.962,7.9035,7.4923,7.8567,7.8662,8.3723,0.1097,0.1125,0.1138,0.1176,0.1158,0.1213,20.6845,20.6859,20.6942,20.6952,20.6959,20.6916,0.7632,0.7408,0.6866,0.638,0.6612,0.6867
302,Galeria_Central,2026-06-08T11:53:18.383021,PRECAUCIÓN,False,0.6404,True,incremento_brusco,0.4161,3.6575,0.0988,20.4492,0.0779,0.205,0.2073,0.2214,0.2292,0.2297,0.2252,5.4903,5.135,5.0825,5.2254,5.3559,5.4938,0.0885,0.0857,0.0887,0.0885,0.0866,0.0907,20.7424,20.7418,20.7469,20.7438,20.7397,20.7494,0.4482,0.4268,0.4002,0.3742,0.3496,0.3857
303,Bocamina,2026-06-08T11:53:19.419275,PRECAUCIÓN,False,0.7035,True,patron_incendio,0.0292,28.6237,0.5445,20.396,0.0397,0.1596,0.1524,0.1537,0.1535,0.1579,0.1552,5.2813,5.9614,6.4694,6.0091,6.7527,6.8936,0.0767,0.0823,0.0839,0.0834,0.0876,0.0879,20.7795,20.775,20.7825,20.779,20.7821,20.7825,0.3108,0.3089,0.3125,0.2976,0.3292,0.3454
304,Frente_A_Sogamoso,2026-06-08T11:53:20.473717,SEGURO,False,0.6119,True,patron_multivariado,0.3501,5.8217,0.1235,20.2903,0.1782,0.2413,0.2271,0.2181,0.2188,0.2174,0.2256,7.8537,7.8226,6.4538,6.2047,6.3721,6.6167,0.103,0.0989,0.0949,0.0958,0.0985,0.0979,20.6313,20.6197,20.6175,20.6244,20.6102,20.5961,0.7937,0.7119,0.7142,0.567,0.3739,0.328
305,Frente_B_Mongua,2026-06-08T11:53:21.549255,PRECAUCIÓN,False,0.6254,True,patron_multivariado,0.1981,10.7459,0.2387,20.4497,0.1101,0.2673,0.262,0.2659,0.2577,0.2483,0.2477,7.9134,7.8566,7.431,7.832,7.844,8.3717,0.1091,0.1122,0.1136,0.1176,0.1151,0.1208,20.6846,20.685,20.6939,20.6946,20.6952,20.6906,0.7775,0.7544,0.7039,0.6498,0.6705,0.6998
306,Galeria_Central,2026-06-08T11:53:22.583181,PRECAUCIÓN,False,0.6419,True,incremento_brusco,0.5131,3.5235,0.0944,20.2964,0.0752,0.2037,0.2045,0.2173,0.2236,0.224,0.2197,5.5978,5.2485,5.1699,5.3508,5.3883,5.5048,0.0888,0.0857,0.0882,0.0881,0.0858,0.0899,20.7421,20.7407,20.7451,20.741,20.7371,20.7462,0.4745,0.4568,0.4292,0.4011,0.3814,0.4155
307,Bocamina,2026-06-08T11:53:23.624786,PRECAUCIÓN,False,0.6902,True,patron_multivariado,0.0297,21.6664,0.4562,20.3799,0.0388,0.1603,0.1549,0.1569,0.1569,0.1604,0.1574,4.9782,5.6206,6.2909,5.8452,6.6739,6.9325,0.0731,0.0792,0.0826,0.0823,0.0879,0.0886,20.7783,20.7732,20.7815,20.7778,20.7815,20.7817,0.3105,0.3072,0.3154,0.3003,0.3381,0.3679
308,Frente_A_Sogamoso,2026-06-08T11:53:24.677920,PRECAUCIÓN,False,0.6226,True,patron_incendio,0.3337,7.6107,0.1576,20.3368,0.179,0.2407,0.2267,0.217,0.218,0.2163,0.2243,7.6761,7.6435,6.3352,6.1132,6.2967,6.5804,0.1006,0.0973,0.0936,0.0945,0.097,0.0966,20.6298,20.6199,20.6173,20.6249,20.6102,20.5958,0.7586,0.6803,0.6867,0.5414,0.3612,0.3127
309,Frente_B_Mongua,2026-06-08T11:53:25.718909,PRECAUCIÓN,False,0.6213,True,patron_multivariado,0.192,9.0297,0.2124,20.4657,0.1141,0.2671,0.262,0.2666,0.2586,0.2486,0.2485,7.8837,7.8337,7.3994,7.8146,7.8222,8.3634,0.1085,0.1119,0.1133,0.1174,0.1146,0.1204,20.685,20.6842,20.6934,20.6937,20.6941,20.6896,0.7818,0.761,0.7132,0.657,0.6741,0.708
310,Galeria_Central,2026-06-08T11:53:26.760750,PRECAUCIÓN,False,0.6446,True,incremento_brusco,0.5846,3.4554,0.0902,20.1453,0.0752,0.2002,0.1988,0.2101,0.2143,0.2144,0.2103,5.714,5.351,5.2207,5.4358,5.3177,5.4013,0.0886,0.0852,0.0867,0.0868,0.084,0.0881,20.743,20.7402,20.7434,20.7377,20.7337,20.742,0.5214,0.5112,0.4862,0.4509,0.4369,0.4671
311,Bocamina,2026-06-08T11:53:27.803664,PRECAUCIÓN,False,0.688,True,patron_multivariado,0.0307,16.481,0.3802,20.398,0.0393,0.1614,0.1573,0.1599,0.1593,0.1621,0.1598,4.772,5.3645,6.147,5.6756,6.5549,6.934,0.0699,0.0764,0.0816,0.0815,0.0882,0.0896,20.7765,20.7709,20.7801,20.7762,20.7804,20.78,0.3124,0.3043,0.3135,0.3028,0.3493,0.3902
312,Frente_A_Sogamoso,2026-06-08T11:53:28.839981,PRECAUCIÓN,False,0.6262,True,patron_incendio,0.3191,8.8853,0.1859,20.3581,0.1798,0.24,0.2262,0.2161,0.217,0.215,0.2232,7.5472,7.5219,6.2537,6.0666,6.2659,6.5889,0.0989,0.0963,0.0932,0.094,0.0964,0.0961,20.6297,20.6212,20.618,20.626,20.6107,20.596,0.7192,0.6464,0.659,0.5152,0.3483,0.2997
313,Frente_B_Mongua,2026-06-08T11:53:29.893875,SEGURO,False,0.6191,True,patron_multivariado,0.1949,7.8661,0.19,20.4922,0.1119,0.2656,0.261,0.266,0.2589,0.2487,0.2489,7.8712,7.831,7.3942,7.8045,7.8018,8.3509,0.108,0.1116,0.1129,0.1172,0.1144,0.1203,20.6856,20.6835,20.6929,20.6926,20.6928,20.6886,0.7781,0.7617,0.7151,0.66,0.6731,0.7116
314,Galeria_Central,2026-06-08T11:53:30.939055,PRECAUCIÓN,False,0.6472,True,incremento_brusco,0.6445,3.3157,0.0882,20.0037,0.0719,0.1934,0.1894,0.1991,0.2009,0.2008,0.1968,5.7958,5.3998,5.2056,5.4482,5.1188,5.1639,0.0875,0.0838,0.084,0.0843,0.0809,0.0852,20.7447,20.7399,20.7413,20.7333,20.7289,20.7367,0.5892,0.5908,0.5729,0.5249,0.5163,0.5397
315,Bocamina,2026-06-08T11:53:31.977168,PRECAUCIÓN,False,0.6707,True,patron_multivariado,0.0296,12.661,0.3164,20.4307,0.0403,0.1628,0.1596,0.1623,0.1605,0.1628,0.1619,4.6802,5.2219,6.0573,5.5221,6.4108,6.9026,0.0677,0.0746,0.0812,0.0812,0.0887,0.0906,20.7744,20.7684,20.7786,20.7744,20.7789,20.7778,0.3148,0.2998,0.3071,0.3048,0.3613,0.4091
316,Frente_A_Sogamoso,2026-06-08T11:53:33.024581,PRECAUCIÓN,False,0.629,True,patron_incendio,0.3036,9.7964,0.2067,20.385,0.1796,0.2392,0.2256,0.2155,0.2162,0.214,0.2227,7.4753,7.4646,6.2205,6.0737,6.29,6.6452,0.0983,0.0964,0.0939,0.0943,0.0968,0.0965,20.6311,20.6234,20.6197,20.6276,20.6117,20.5968,0.6851,0.6179,0.6371,0.4937,0.338,0.2906
317,Frente_B_Mongua,2026-06-08T11:53:34.063051,SEGURO,False,0.6153,False,,0.201,7.1321,0.1724,20.524,0.1187,0.2632,0.2592,0.2643,0.2585,0.2486,0.249,7.8775,7.8485,7.4144,7.8042,7.7865,8.3378,0.1077,0.1114,0.1126,0.117,0.1143,0.1203,20.6861,20.6829,20.6923,20.6915,20.6914,20.6878,0.7684,0.7575,0.7108,0.6592,0.6683,0.7108
318,Galeria_Central,2026-06-08T11:53:35.105533,PRECAUCIÓN,False,0.6454,True,incremento_brusco,0.6872,3.2568,0.085,19.8753,0.0751,0.1839,0.1772,0.1858,0.1852,0.1849,0.181,5.7828,5.3456,5.0999,5.3774,4.7914,4.7925,0.0855,0.0814,0.0803,0.081,0.0769,0.0815,20.7468,20.7395,20.7389,20.7282,20.7229,20.7306,0.6596,0.6764,0.6685,0.6046,0.5996,0.6137
319,Bocamina,2026-06-08T11:53:36.143092,PRECAUCIÓN,False,0.6497,True,patron_multivariado,0.0302,9.8897,0.2634,20.4757,0.0409,0.1644,0.1614,0.1639,0.1605,0.1625,0.1638,4.6869,5.1892,6.0261,5.4014,6.2645,6.8508,0.0667,0.0737,0.0812,0.0815,0.0893,0.0916,20.7724,20.7662,20.7772,20.7727,20.7771,20.7753,0.3159,0.2937,0.2967,0.3055,0.3721,0.4225
320,Frente_A_Sogamoso,2026-06-08T11:53:37.181150,PRECAUCIÓN,False,0.6356,True,patron_incendio,0.2966,10.3369,0.2255,20.398,0.1794,0.238,0.2249,0.2152,0.2155,0.2134,0.2228,7.4574,7.4647,6.239,6.1371,6.3725,6.7495,0.0989,0.0973,0.0954,0.0954,0.0981,0.0979,20.6333,20.6262,20.6219,20.6292,20.6129,20.5979,0.6601,0.5977,0.6219,0.4783,0.3313,0.2853
321,Frente_B_Mongua,2026-06-08T11:53:38.251469,SEGURO,False,0.6128,False,,0.1959,6.3808,0.156,20.5483,0.1199,0.2605,0.2569,0.262,0.2577,0.2483,0.2488,7.9018,7.8844,7.4576,7.814,7.7789,8.3276,0.1075,0.1112,0.1123,0.1168,0.1144,0.1205,20.6867,20.6826,20.6917,20.6904,20.6901,20.6872,0.7545,0.7495,0.7013,0.6554,0.6608,0.7065
322,Galeria_Central,2026-06-08T11:53:39.292426,PRECAUCIÓN,False,0.6487,True,patron_multivariado,0.717,3.2935,0.0851,19.756,0.0821,0.1713,0.1621,0.1702,0.1672,0.1669,0.163,5.65,5.1664,4.8894,5.2078,4.3334,4.2926,0.0823,0.0778,0.0754,0.0766,0.0718,0.077,20.7476,20.7378,20.7351,20.7214,20.7152,20.7232,0.7364,0.7704,0.7733,0.6894,0.6843,0.6858
323,Bocamina,2026-06-08T11:53:40.331021,PRECAUCIÓN,False,0.6468,True,patron_multivariado,0.0287,7.8208,0.2198,20.5182,0.0395,0.166,0.1627,0.1647,0.1596,0.1614,0.1652,4.7645,5.2472,6.0478,5.3242,6.1368,6.7919,0.0669,0.0738,0.0818,0.0822,0.0899,0.0925,20.7708,20.7645,20.7761,20.7712,20.7753,20.7728,0.3141,0.286,0.2833,0.3039,0.3799,0.4295
324,Frente_A_Sogamoso,2026-06-08T11:53:41.391474,PRECAUCIÓN,False,0.6373,True,patron_multivariado,0.2901,10.9001,0.2426,20.4106,0.1817,0.2367,0.2241,0.2153,0.2152,0.2134,0.2237,7.4906,7.5175,6.3103,6.2542,6.5093,6.8954,0.1003,0.0991,0.0978,0.0972,0.1003,0.1,20.6361,20.6291,20.6242,20.6307,20.6143,20.5993,0.6463,0.5874,0.6143,0.4697,0.3286,0.2835
325,Frente_B_Mongua,2026-06-08T11:53:42.428728,SEGURO,False,0.6121,False,,0.2012,5.9599,0.1429,20.5691,0.1144,0.2575,0.2543,0.2591,0.2565,0.2478,0.2483,7.9361,7.9305,7.5144,7.8284,7.7758,8.3189,0.1075,0.1111,0.112,0.1166,0.1148,0.1209,20.6872,20.6825,20.6912,20.6894,20.6889,20.6869,0.7375,0.7386,0.6878,0.6487,0.6513,0.6994
326,Galeria_Central,2026-06-08T11:53:43.477396,PRECAUCIÓN,False,0.6507,True,patron_multivariado,0.7409,3.3266,0.0832,19.6612,0.0816,0.1558,0.1443,0.1526,0.1475,0.1476,0.1436,5.3927,4.8627,4.5765,4.938,3.7555,3.6804,0.0778,0.0732,0.0696,0.0715,0.0659,0.0716,20.7464,20.7337,20.7293,20.7125,20.7052,20.7143,0.8211,0.873,0.8839,0.7753,0.7649,0.7497
327,Bocamina,2026-06-08T11:53:44.514597,SEGURO,False,0.6411,True,patron_multivariado,0.0277,6.2052,0.1851,20.5654,0.0396,0.1675,0.1634,0.1649,0.1581,0.1598,0.1661,4.8852,5.371,6.1108,5.2928,6.0402,6.735,0.0682,0.0747,0.0828,0.0832,0.0904,0.0931,20.7698,20.7634,20.7751,20.77,20.7735,20.7706,0.3089,0.2771,0.2677,0.2995,0.3837,0.4299
328,Frente_A_Sogamoso,2026-06-08T11:53:45.560171,PRECAUCIÓN,False,0.6295,True,patron_multivariado,0.2884,9.5326,0.2196,20.4291,0.1826,0.2352,0.2234,0.2157,0.2155,0.2142,0.2253,7.5686,7.6157,6.4322,6.4192,6.6927,7.0748,0.1027,0.1016,0.1008,0.0996,0.1031,0.1026,20.6391,20.632,20.6265,20.6321,20.6159,20.601,0.6444,0.5874,0.6141,0.4675,0.33,0.2848
329,Frente_B_Mongua,2026-06-08T11:53:46.605795,SEGURO,False,0.6121,False,,0.1999,5.576,0.133,20.5821,0.1126,0.2545,0.2516,0.256,0.2551,0.2473,0.2475,7.9761,7.9822,7.5797,7.847,7.7786,8.3121,0.1076,0.1111,0.1119,0.1164,0.1152,0.1213,20.6877,20.6826,20.6908,20.6887,20.688,20.6868,0.7186,0.7254,0.6715,0.6398,0.6402,0.6903
330,Galeria_Central,2026-06-08T11:53:47.644573,PRECAUCIÓN,False,0.6454,True,patron_multivariado,0.574,3.258,0.0818,19.6974,0.0826,0.1379,0.1246,0.1336,0.1267,0.1277,0.1236,5.0213,4.4511,4.1791,4.5869,3.0907,2.9948,0.0724,0.0677,0.063,0.0657,0.0593,0.0657,20.7424,20.7267,20.7212,20.7014,20.6932,20.7037,0.9,0.9,0.9,0.856,0.8342,0.7979
331,Bocamina,2026-06-08T11:53:48.680355,SEGURO,False,0.6295,True,patron_multivariado,0.0291,5.0607,0.1565,20.6005,0.0396,0.1687,0.1637,0.1644,0.1562,0.1579,0.1664,5.0267,5.5369,6.2028,5.3054,5.9817,6.6868,0.0702,0.0763,0.084,0.0844,0.0909,0.0934,20.7695,20.7629,20.7745,20.7692,20.772,20.7688,0.3003,0.2673,0.2512,0.2923,0.383,0.4245
332,Frente_A_Sogamoso,2026-06-08T11:53:49.716746,PRECAUCIÓN,False,0.6265,True,patron_multivariado,0.2798,8.6388,0.1986,20.4543,0.1837,0.234,0.223,0.2167,0.2163,0.2159,0.2274,7.6537,7.7163,6.5768,6.6042,6.8915,7.2614,0.1052,0.1042,0.1038,0.102,0.106,0.1054,20.6418,20.6347,20.6286,20.6332,20.6177,20.6031,0.6482,0.5915,0.6152,0.4672,0.3331,0.2868
333,Frente_B_Mongua,2026-06-08T11:53:50.773047,SEGURO,False,0.6109,False,,0.1951,5.3812,0.1263,20.5961,0.1122,0.2518,0.2491,0.2529,0.2535,0.2467,0.2466,8.0147,8.0331,7.6463,7.8659,7.7852,8.3062,0.1078,0.1111,0.1118,0.1163,0.1157,0.1217,20.6881,20.683,20.6907,20.6883,20.6874,20.687,0.6985,0.7106,0.6538,0.6292,0.6284,0.6803
334,Galeria_Central,2026-06-08T11:53:51.812011,PRECAUCIÓN,False,0.6416,True,patron_multivariado,0.4491,3.2171,0.0801,19.7842,0.0773,0.1181,0.1037,0.1146,0.1067,0.1099,0.106,4.5922,3.9921,3.7456,4.1854,2.447,2.3749,0.0665,0.0618,0.0566,0.0604,0.053,0.06,20.7334,20.7155,20.7101,20.6882,20.6795,20.692,0.9,0.9,0.9,0.9,0.8733,0.8134
335,Bocamina,2026-06-08T11:53:52.849115,SEGURO,False,0.6264,True,patron_multivariado,0.027,4.1968,0.1331,20.6488,0.0395,0.1696,0.1634,0.1635,0.1542,0.1559,0.1662,5.1742,5.7243,6.3107,5.3543,5.9586,6.648,0.0728,0.0784,0.0853,0.0857,0.0913,0.0935,20.7697,20.763,20.7742,20.7689,20.7708,20.7676,0.2889,0.2574,0.2345,0.2829,0.3783,0.4142
336,Frente_A_Sogamoso,2026-06-08T11:53:53.931331,PRECAUCIÓN,False,0.6374,True,patron_incendio,0.2752,12.378,0.2643,20.4467,0.1844,0.2333,0.2232,0.2182,0.2177,0.2182,0.23,7.7353,7.8036,6.7253,6.7879,7.0831,7.4368,0.1075,0.1066,0.1064,0.1043,0.1087,0.1078,20.6439,20.6371,20.6304,20.6342,20.6198,20.6058,0.6517,0.5952,0.6144,0.4661,0.3367,0.2889
337,Frente_B_Mongua,2026-06-08T11:53:54.967047,SEGURO,False,0.6106,False,,0.1955,5.063,0.1185,20.6083,0.1156,0.2493,0.2467,0.2499,0.2519,0.2461,0.2457,8.0487,8.079,7.7088,7.8823,7.7929,8.2993,0.1081,0.1112,0.1117,0.1162,0.1163,0.1222,20.6885,20.6836,20.6908,20.6882,20.6871,20.6874,0.6779,0.6949,0.6355,0.6174,0.6162,0.6697
338,Galeria_Central,2026-06-08T11:53:56.013449,PRECAUCIÓN,False,0.6393,True,patron_multivariado,0.3568,3.3183,0.0821,19.8849,0.0798,0.0991,0.0841,0.0978,0.0896,0.0964,0.0932,4.1855,3.5674,3.3705,3.8275,2.1051,2.032,0.0608,0.0562,0.051,0.0562,0.0477,0.0552,20.7191,20.6995,20.6959,20.6728,20.6643,20.6786,0.9,0.9,0.9,0.9,0.8714,0.7865
339,Bocamina,2026-06-08T11:53:57.099221,SEGURO,False,0.6194,False,,0.0257,3.6246,0.1145,20.6768,0.0401,0.1701,0.1627,0.1621,0.1522,0.1539,0.1655,5.3178,5.9177,6.4243,5.4338,5.9689,6.6202,0.0757,0.0807,0.0866,0.087,0.0915,0.0933,20.7705,20.7638,20.7743,20.769,20.7701,20.7671,0.2757,0.2479,0.2191,0.2719,0.3697,0.4003
340,Frente_A_Sogamoso,2026-06-08T11:53:58.148530,PRECAUCIÓN,False,0.6397,True,patron_incendio,0.2705,15.0487,0.3151,20.435,0.187,0.2327,0.2234,0.2199,0.2196,0.2208,0.233,7.8705,7.9482,6.9104,6.9909,7.2905,7.618,0.1105,0.1094,0.1094,0.1068,0.1117,0.1106,20.6466,20.6396,20.6323,20.6353,20.622,20.6086,0.665,0.609,0.623,0.4727,0.3453,0.2948
341,Frente_B_Mongua,2026-06-08T11:53:59.187405,SEGURO,False,0.6095,False,,0.198,4.9044,0.1138,20.6252,0.1105,0.2472,0.2446,0.2472,0.2503,0.2455,0.2448,8.0774,8.1196,7.7661,7.8969,7.8025,8.2908,0.1085,0.1114,0.1117,0.1161,0.1168,0.1225,20.689,20.6844,20.691,20.6883,20.6872,20.6881,0.6574,0.6786,0.6174,0.6049,0.604,0.659
342,Galeria_Central,2026-06-08T11:54:00.233111,PRECAUCIÓN,False,0.6353,True,patron_multivariado,0.2894,3.2685,0.0804,20.0042,0.0743,0.0833,0.0679,0.0849,0.0772,0.0881,0.0861,3.8688,3.2436,3.1304,3.5954,1.9775,1.9348,0.0558,0.0512,0.0469,0.0534,0.044,0.0516,20.6996,20.6785,20.6782,20.6548,20.6473,20.6632,0.9,0.9,0.9,0.9,0.8273,0.7176
343,Bocamina,2026-06-08T11:54:01.290990,PRECAUCIÓN,False,0.648,True,patron_incendio,0.0281,8.2977,0.1969,20.6702,0.0429,0.1702,0.1616,0.1605,0.1502,0.1522,0.1644,5.4522,6.1047,6.5337,5.5327,6.0028,6.5992,0.0786,0.0831,0.0879,0.0881,0.0916,0.0929,20.7718,20.7651,20.7747,20.7697,20.7699,20.7673,0.2618,0.2393,0.2056,0.2604,0.3585,0.3841
344,Frente_A_Sogamoso,2026-06-08T11:54:02.348727,PRECAUCIÓN,False,0.6434,True,patron_incendio,0.2735,17.2666,0.3612,20.3982,0.184,0.2317,0.2233,0.2218,0.2219,0.2239,0.2366,8.0495,8.1487,7.1398,7.222,7.5244,7.8123,0.1143,0.1129,0.1131,0.1098,0.1152,0.1139,20.6502,20.6423,20.6345,20.6365,20.6243,20.6115,0.6941,0.6373,0.6442,0.4892,0.3597,0.3045
345,Frente_B_Mongua,2026-06-08T11:54:03.382459,SEGURO,False,0.6095,False,,0.1994,4.8115,0.1092,20.6389,0.114,0.2454,0.2428,0.2448,0.2487,0.2449,0.2439,8.1017,8.1555,7.818,7.9098,7.814,8.2807,0.109,0.1116,0.1118,0.1161,0.1173,0.1229,20.6895,20.6855,20.6915,20.6887,20.6875,20.6889,0.637,0.6621,0.5999,0.5918,0.592,0.6485
346,Galeria_Central,2026-06-08T11:54:04.479487,PRECAUCIÓN,False,0.6337,True,patron_multivariado,0.24,3.3158,0.0805,20.1257,0.0734,0.0723,0.0565,0.0769,0.0702,0.0853,0.0847,3.6745,3.0526,3.0618,3.5409,1.9475,2.0169,0.052,0.0474,0.0446,0.0522,0.042,0.0494,20.6753,20.6527,20.6572,20.6338,20.6286,20.6457,0.9,0.9,0.9,0.8707,0.747,0.6149
347,Bocamina,2026-06-08T11:54:05.516148,PRECAUCIÓN,False,0.6595,True,patron_incendio,0.0286,11.7369,0.2638,20.6431,0.0419,0.1698,0.1603,0.1589,0.149,0.1511,0.1632,5.5217,6.2294,6.6209,5.6389,6.0735,6.6045,0.0809,0.085,0.0887,0.0888,0.0915,0.0923,20.7733,20.7664,20.7752,20.7704,20.77,20.7679,0.2478,0.2326,0.1965,0.2495,0.3459,0.3685
348,Frente_A_Sogamoso,2026-06-08T11:54:06.632182,PRECAUCIÓN,False,0.6391,True,patron_multivariado,0.2753,14.2581,0.3152,20.3975,0.1887,0.2305,0.2231,0.2237,0.2246,0.2275,0.2409,8.2609,8.3993,7.4112,7.4769,7.7767,8.0076,0.1189,0.1172,0.1174,0.1133,0.1192,0.1176,20.6548,20.6456,20.6372,20.6381,20.627,20.6147,0.7438,0.6836,0.6802,0.5167,0.3792,0.3168
349,Frente_B_Mongua,2026-06-08T11:54:07.762474,SEGURO,False,0.6078,False,,0.199,4.7503,0.1065,20.6528,0.1118,0.244,0.2413,0.2427,0.2472,0.2444,0.243,8.1216,8.1864,7.8636,7.9207,7.8267,8.2687,0.1095,0.1119,0.1119,0.1161,0.1178,0.1231,20.69,20.6867,20.6922,20.6894,20.6881,20.6899,0.6172,0.6457,0.5834,0.5788,0.5805,0.6382
350,Galeria_Central,2026-06-08T11:54:08.885922,PRECAUCIÓN,False,0.6331,True,patron_multivariado,0.2067,3.3069,0.0793,20.2333,0.0754,0.0666,0.0505,0.0741,0.0686,0.0873,0.0884,3.6134,3.0051,3.1616,3.6728,2.02,2.2572,0.0497,0.0451,0.0443,0.0524,0.0416,0.0483,20.6463,20.6223,20.6326,20.6096,20.6084,20.6261,0.9,0.9,0.9,0.7858,0.6428,0.492
351,Bocamina,2026-06-08T11:54:10.016367,PRECAUCIÓN,False,0.6804,True,patron_incendio,0.0294,14.3746,0.3198,20.6047,0.0439,0.169,0.1591,0.1577,0.1486,0.151,0.1622,5.5213,6.2782,6.6799,5.7375,6.1701,6.6373,0.0821,0.0862,0.089,0.089,0.0913,0.0917,20.7748,20.7675,20.7756,20.771,20.7702,20.7688,0.2349,0.2278,0.1919,0.2405,0.3344,0.3564
352,Frente_A_Sogamoso,2026-06-08T11:54:11.059515,PRECAUCIÓN,False,0.6374,True,patron_multivariado,0.2765,12.0312,0.279,20.4124,0.1874,0.23,0.2237,0.2263,0.2281,0.2324,0.2458,8.4364,8.6146,7.6831,7.7275,8.0137,8.1813,0.1234,0.1212,0.1212,0.1165,0.1229,0.1208,20.6591,20.6489,20.6397,20.6397,20.6304,20.6186,0.8005,0.7344,0.7175,0.5445,0.3987,0.328
353,Frente_B_Mongua,2026-06-08T11:54:12.191492,PRECAUCIÓN,False,0.6216,True,patron_incendio,0.2026,9.1223,0.1644,20.635,0.1173,0.2428,0.24,0.2409,0.2458,0.2439,0.2423,8.1373,8.2124,7.902,7.9285,7.8388,8.2538,0.1101,0.1122,0.112,0.1162,0.1182,0.1233,20.6907,20.688,20.6931,20.6903,20.689,20.691,0.5981,0.6297,0.5682,0.566,0.5695,0.6283
354,Galeria_Central,2026-06-08T11:54:13.349100,SEGURO,False,0.6314,True,patron_multivariado,0.18,3.2862,0.0808,20.3233,0.0747,0.0648,0.0485,0.0744,0.0701,0.0919,0.0941,3.6775,3.0838,3.3736,3.9368,2.4798,2.7683,0.0487,0.0441,0.0456,0.0533,0.0419,0.0476,20.6103,20.5853,20.602,20.5798,20.5843,20.6023,0.9,0.9,0.9,0.7023,0.5457,0.3747
355,Bocamina,2026-06-08T11:54:14.394259,PRECAUCIÓN,False,0.6855,True,patron_incendio,0.0298,16.2626,0.3657,20.5634,0.0418,0.168,0.1581,0.1571,0.1489,0.1516,0.1615,5.4585,6.253,6.7055,5.8133,6.2726,6.6883,0.0823,0.0865,0.0889,0.0887,0.091,0.0912,20.776,20.7682,20.7758,20.7713,20.7704,20.7697,0.224,0.2245,0.1912,0.2341,0.3256,0.3492
356,Frente_A_Sogamoso,2026-06-08T11:54:15.556538,PRECAUCIÓN,False,0.6358,True,patron_multivariado,0.2727,10.3156,0.246,20.423,0.1915,0.2307,0.2254,0.2297,0.2322,0.238,0.251,8.5605,8.7695,7.9268,7.9499,8.2103,8.3167,0.127,0.1244,0.1242,0.1191,0.1256,0.1233,20.6626,20.652,20.6421,20.6416,20.6345,20.6235,0.8523,0.7804,0.7488,0.567,0.4152,0.3363
357,Frente_B_Mongua,2026-06-08T11:54:16.598566,PRECAUCIÓN,False,0.6297,True,patron_incendio,0.2013,12.522,0.2113,20.6071,0.1215,0.2427,0.2397,0.2402,0.2448,0.2436,0.2417,8.1535,8.229,7.9244,7.937,7.8556,8.2464,0.1106,0.1125,0.1122,0.1163,0.1185,0.1234,20.6909,20.6892,20.694,20.6914,20.6902,20.6922,0.588,0.6195,0.5591,0.5576,0.5638,0.6212
358,Galeria_Central,2026-06-08T11:54:17.636613,SEGURO,False,0.6349,True,patron_multivariado,0.1588,3.2214,0.081,20.4027,0.0751,0.067,0.0508,0.078,0.0744,0.0986,0.1009,3.8543,3.2741,3.6542,4.2966,3.1019,3.3938,0.0493,0.0447,0.0486,0.0548,0.043,0.0471,20.5697,20.5442,20.5674,20.5465,20.5585,20.5765,0.9,0.9,0.9,0.62,0.4568,0.2662
359,Bocamina,2026-06-08T11:54:18.688381,PRECAUCIÓN,False,0.6908,True,patron_incendio,0.0294,17.6816,0.4033,20.5205,0.0406,0.167,0.1574,0.157,0.1499,0.1528,0.1611,5.3467,6.1654,6.6969,5.8555,6.3627,6.7459,0.0815,0.086,0.0883,0.088,0.0908,0.0908,20.7767,20.7683,20.7757,20.7713,20.7706,20.7705,0.2159,0.2223,0.1935,0.2304,0.3204,0.3475
360,Frente_A_Sogamoso,2026-06-08T11:54:19.741558,PRECAUCIÓN,False,0.6397,True,patron_multivariado,0.2695,16.5465,0.308,20.42,0.1828,0.2328,0.2283,0.2337,0.2367,0.2439,0.2562,8.6296,8.8564,8.1241,8.1278,8.3523,8.4047,0.1294,0.1266,0.1261,0.1208,0.1274,0.1248,20.6653,20.6548,20.6444,20.6437,20.639,20.629,0.8925,0.8166,0.7713,0.5823,0.4283,0.3418
361,Frente_B_Mongua,2026-06-08T11:54:20.792687,PRECAUCIÓN,False,0.6373,True,patron_incendio,0.2,15.2128,0.2541,20.582,0.1205,0.2439,0.2406,0.2409,0.2446,0.2435,0.2414,8.1648,8.2302,7.9241,7.9427,7.8732,8.2475,0.111,0.1128,0.1125,0.1164,0.1186,0.1234,20.6908,20.6902,20.6949,20.6927,20.6918,20.6932,0.589,0.6173,0.5579,0.555,0.5647,0.6181
362,Galeria_Central,2026-06-08T11:54:21.842086,SEGURO,False,0.6349,True,patron_multivariado,0.1454,3.2428,0.0804,20.4689,0.0783,0.0728,0.0572,0.0846,0.0808,0.1066,0.1079,4.1202,3.5459,3.943,4.6942,3.7782,4.0452,0.0514,0.0468,0.0527,0.0566,0.0444,0.0468,20.5268,20.5017,20.5312,20.5122,20.5332,20.5507,0.9,0.9,0.8206,0.5438,0.3808,0.2094
363,Bocamina,2026-06-08T11:54:22.888838,PRECAUCIÓN,False,0.6786,True,patron_multivariado,0.0305,13.5022,0.3338,20.5119,0.0413,0.1663,0.1573,0.1575,0.1513,0.1543,0.1611,5.2018,6.0317,6.6558,5.8581,6.4279,6.7996,0.0799,0.0849,0.0875,0.0871,0.0905,0.0906,20.7769,20.7679,20.7754,20.771,20.7706,20.7709,0.2115,0.2217,0.1983,0.2296,0.3189,0.351
364,Frente_A_Sogamoso,2026-06-08T11:54:23.940618,PRECAUCIÓN,False,0.6516,True,patron_incendio,0.2747,21.3107,0.3657,20.3861,0.1815,0.2348,0.2309,0.2376,0.2412,0.2494,0.2611,8.7124,8.9589,8.3013,8.2695,8.4583,8.457,0.1318,0.1285,0.1278,0.1223,0.1288,0.1261,20.6689,20.6581,20.6473,20.6465,20.6438,20.6348,0.9,0.8541,0.7974,0.6006,0.4423,0.3484
365,Frente_B_Mongua,2026-06-08T11:54:24.989626,PRECAUCIÓN,False,0.6447,True,patron_incendio,0.2007,16.9725,0.2868,20.5506,0.1232,0.2462,0.2426,0.2428,0.2451,0.2436,0.2415,8.1668,8.2136,7.8987,7.9422,7.8873,8.255,0.1112,0.113,0.1129,0.1166,0.1185,0.1233,20.6904,20.6909,20.6956,20.6941,20.6934,20.6942,0.6005,0.623,0.5649,0.558,0.5719,0.6195
366,Galeria_Central,2026-06-08T11:54:26.035412,SEGURO,False,0.6349,True,patron_multivariado,0.1355,3.1597,0.0795,20.5208,0.0818,0.0828,0.0685,0.0953,0.0905,0.1168,0.1158,4.4525,3.8858,4.2223,5.0993,4.4389,4.6628,0.0555,0.0504,0.058,0.0588,0.0465,0.0472,20.4895,20.4659,20.5007,20.4843,20.5147,20.5316,0.9,0.8678,0.7272,0.4599,0.3062,0.1684
367,Bocamina,2026-06-08T11:54:27.080493,PRECAUCIÓN,False,0.6667,True,incremento_brusco,0.1616,10.5553,0.2784,20.4529,0.0418,0.1658,0.1574,0.1581,0.1523,0.1554,0.1612,5.1118,5.9266,6.6125,5.8372,6.4473,6.8286,0.0783,0.0838,0.0867,0.0864,0.0904,0.0907,20.7765,20.7673,20.775,20.7707,20.7707,20.7711,0.2111,0.2214,0.2023,0.2313,0.3209,0.3571
368,Frente_A_Sogamoso,2026-06-08T11:54:28.124553,PRECAUCIÓN,False,0.6574,True,patron_incendio,0.2778,24.862,0.4185,20.3413,0.1822,0.2364,0.2331,0.2411,0.2455,0.2542,0.2658,8.8273,9.1035,8.4816,8.3983,8.5534,8.4939,0.1346,0.1308,0.1299,0.124,0.1305,0.1276,20.6734,20.6618,20.6508,20.6497,20.6486,20.6402,0.9,0.9,0.8331,0.6269,0.4594,0.3575
369,Frente_B_Mongua,2026-06-08T11:54:29.168954,PRECAUCIÓN,False,0.6447,True,patron_incendio,0.1971,18.418,0.3144,20.5111,0.1245,0.2495,0.2454,0.2459,0.2462,0.2441,0.242,8.1557,8.1792,7.8499,7.9343,7.8954,8.2668,0.1113,0.1132,0.1132,0.1168,0.1183,0.1231,20.6898,20.6912,20.6963,20.6954,20.6951,20.6949,0.6203,0.6353,0.5792,0.566,0.584,0.6254
370,Galeria_Central,2026-06-08T11:54:30.211114,SEGURO,False,0.6343,True,patron_multivariado,0.1287,3.1475,0.0826,20.5621,0.0822,0.0955,0.0831,0.1087,0.1023,0.1278,0.1238,4.8145,4.257,4.4658,5.4701,5.0163,5.1951,0.0607,0.055,0.0636,0.0612,0.0489,0.0482,20.4605,20.4396,20.4783,20.4651,20.5043,20.5208,0.9,0.7726,0.6357,0.3797,0.2423,0.1333
371,Bocamina,2026-06-08T11:54:31.260481,PRECAUCIÓN,False,0.6545,True,incremento_brusco,0.2605,8.2831,0.2319,20.3733,0.0402,0.1649,0.1573,0.1583,0.1527,0.156,0.1614,5.0994,5.8743,6.5803,5.8017,6.4111,6.8213,0.0773,0.083,0.0864,0.086,0.0904,0.0909,20.7756,20.7661,20.7745,20.7703,20.7705,20.7706,0.2111,0.2179,0.2016,0.2332,0.3269,0.3636
372,Frente_A_Sogamoso,2026-06-08T11:54:32.335038,PRECAUCIÓN,False,0.6582,True,patron_incendio,0.2708,27.2381,0.4585,20.2934,0.1847,0.2372,0.2345,0.2439,0.2494,0.2587,0.2705,8.975,9.293,8.6792,8.5334,8.6572,8.5295,0.138,0.1336,0.1324,0.1259,0.1326,0.1294,20.6785,20.6656,20.6545,20.6528,20.6529,20.6452,0.9,0.9,0.8803,0.6622,0.4795,0.3688
373,Frente_B_Mongua,2026-06-08T11:54:33.387305,PRECAUCIÓN,False,0.637,True,patron_multivariado,0.1909,14.921,0.2792,20.4934,0.1275,0.2533,0.2488,0.2497,0.2479,0.2448,0.2429,8.1298,8.1281,7.7807,7.9197,7.8969,8.2793,0.1112,0.1132,0.1135,0.117,0.1179,0.1227,20.6891,20.6912,20.6968,20.6965,20.6965,20.6952,0.6461,0.6528,0.5994,0.5778,0.5997,0.6348
374,Galeria_Central,2026-06-08T11:54:34.422136,SEGURO,False,0.6343,True,patron_multivariado,0.1177,3.1215,0.0819,20.6,0.0803,0.1097,0.0997,0.1233,0.115,0.1386,0.1315,5.1738,4.6269,4.6692,5.7927,5.4803,5.6241,0.0665,0.0602,0.0689,0.0635,0.0515,0.0496,20.4416,20.4243,20.4653,20.4556,20.5024,20.5186,0.8245,0.6789,0.5544,0.3112,0.1946,0.107
375,Bocamina,2026-06-08T11:54:35.460911,PRECAUCIÓN,False,0.6536,True,incremento_brusco,0.3325,6.6552,0.1942,20.2885,0.039,0.1636,0.1569,0.1582,0.1526,0.1562,0.1614,5.1456,5.8674,6.5596,5.7497,6.3265,6.7773,0.0769,0.0825,0.0864,0.0859,0.0905,0.0911,20.7738,20.7641,20.7738,20.7697,20.7698,20.7693,0.2086,0.2103,0.1949,0.2332,0.3359,0.3689
376,Frente_A_Sogamoso,2026-06-08T11:54:36.512670,PRECAUCIÓN,False,0.651,True,patron_multivariado,0.2779,21.6935,0.4026,20.2793,0.1773,0.2374,0.2353,0.2464,0.2532,0.2632,0.2751,9.1417,9.5103,8.8937,8.6798,8.7747,8.5673,0.1419,0.1368,0.1353,0.1281,0.1349,0.1314,20.6839,20.6693,20.6582,20.6556,20.657,20.6496,0.9,0.9,0.9,0.7043,0.5011,0.3809
377,Frente_B_Mongua,2026-06-08T11:54:37.549413,PRECAUCIÓN,False,0.6318,True,patron_multivariado,0.1918,12.3615,0.2501,20.4942,0.1183,0.2566,0.2519,0.2534,0.2498,0.2457,0.2441,8.0898,8.0697,7.7053,7.8981,7.8883,8.2832,0.111,0.1132,0.1136,0.1172,0.1174,0.1223,20.6888,20.6911,20.6972,20.6973,20.6975,20.6953,0.6688,0.6691,0.6199,0.5893,0.6139,0.6452
378,Galeria_Central,2026-06-08T11:54:38.593850,PRECAUCIÓN,False,0.6464,True,patron_incendio,0.1143,9.3605,0.1713,20.5905,0.0786,0.1243,0.1166,0.1379,0.1277,0.1484,0.1386,5.4999,4.9621,4.8362,6.069,5.8329,5.9615,0.0721,0.0654,0.0737,0.0656,0.0542,0.0515,20.4331,20.4202,20.462,20.4559,20.5087,20.5246,0.7168,0.5914,0.4872,0.268,0.1709,0.094
379,Bocamina,2026-06-08T11:54:39.630910,PRECAUCIÓN,False,0.643,True,incremento_brusco,0.3864,5.4039,0.1641,20.2019,0.0393,0.1619,0.1561,0.1578,0.1522,0.1561,0.1614,5.2242,5.8907,6.5479,5.6765,6.2063,6.7004,0.077,0.0824,0.0867,0.0858,0.0906,0.0912,20.7713,20.7611,20.7725,20.7686,20.7685,20.7672,0.2023,0.199,0.1823,0.2298,0.3468,0.3721
380,Frente_A_Sogamoso,2026-06-08T11:54:40.676379,PRECAUCIÓN,False,0.641,True,patron_multivariado,0.2739,17.5432,0.3511,20.2861,0.1728,0.2384,0.2368,0.2492,0.2571,0.2682,0.2798,9.2554,9.6651,9.0838,8.8183,8.8772,8.5927,0.1452,0.1395,0.1375,0.1297,0.1367,0.1329,20.6882,20.6726,20.6611,20.6579,20.6611,20.6542,0.9,0.9,0.9,0.7409,0.5192,0.3897
381,Frente_B_Mongua,2026-06-08T11:54:41.711561,PRECAUCIÓN,False,0.6251,True,patron_multivariado,0.1932,10.3125,0.2211,20.5046,0.1167,0.2589,0.2541,0.2564,0.2516,0.2465,0.2454,8.0479,8.0174,7.6392,7.8772,7.8749,8.2789,0.1107,0.1132,0.1137,0.1174,0.1169,0.1218,20.6889,20.6909,20.6976,20.6977,20.698,20.6951,0.6851,0.6815,0.6373,0.5987,0.6245,0.6546
382,Galeria_Central,2026-06-08T11:54:42.753272,PRECAUCIÓN,False,0.6641,True,patron_incendio,0.1118,13.9674,0.2509,20.5651,0.0801,0.1422,0.1355,0.1535,0.1414,0.1578,0.1454,5.8919,5.3507,5.036,6.3118,6.0535,6.1507,0.0778,0.0705,0.0779,0.0673,0.0566,0.0534,20.435,20.4262,20.467,20.464,20.521,20.5368,0.6167,0.5216,0.4413,0.2427,0.1625,0.0894
383,Bocamina,2026-06-08T11:54:43.794356,PRECAUCIÓN,False,0.6424,True,incremento_brusco,0.4288,4.4805,0.1387,20.1232,0.0385,0.1602,0.155,0.1572,0.1519,0.1558,0.1614,5.3166,5.9314,6.5406,5.5784,6.0655,6.5997,0.0773,0.0823,0.0871,0.0858,0.0907,0.0914,20.768,20.7571,20.7708,20.767,20.7666,20.7644,0.1931,0.1863,0.1662,0.2237,0.3587,0.3731
384,Frente_A_Sogamoso,2026-06-08T11:54:44.888926,PRECAUCIÓN,False,0.6371,True,patron_multivariado,0.276,14.4914,0.3097,20.3216,0.1809,0.2406,0.2394,0.2527,0.2613,0.2736,0.2844,9.2929,9.7257,9.2216,8.9244,8.9418,8.5888,0.1473,0.1411,0.1387,0.1306,0.1375,0.1336,20.6915,20.6754,20.6636,20.6603,20.6658,20.6596,0.9,0.9,0.9,0.7664,0.5311,0.3936
385,Frente_B_Mongua,2026-06-08T11:54:45.929159,SEGURO,False,0.6199,True,patron_multivariado,0.193,8.7474,0.1975,20.5229,0.1134,0.2601,0.2554,0.2583,0.253,0.2472,0.2467,8.0137,7.98,7.5925,7.8621,7.8607,8.2687,0.1105,0.1132,0.1137,0.1175,0.1164,0.1214,20.6893,20.6907,20.6978,20.6976,20.6979,20.6947,0.6939,0.6891,0.6499,0.6051,0.6308,0.6615
386,Galeria_Central,2026-06-08T11:54:46.988763,PRECAUCIÓN,False,0.6674,True,patron_incendio,0.1063,17.2924,0.3154,20.532,0.0829,0.1626,0.1553,0.1693,0.1557,0.1666,0.1517,6.3169,5.7543,5.2396,6.4937,6.1385,6.1809,0.0834,0.0752,0.0814,0.0686,0.0585,0.055,20.4458,20.4403,20.4788,20.478,20.5377,20.5537,0.5317,0.4728,0.419,0.2304,0.1655,0.0911
387,Bocamina,2026-06-08T11:54:48.030992,PRECAUCIÓN,False,0.6437,True,incremento_brusco,0.4556,3.8345,0.1197,20.0574,0.039,0.1584,0.1535,0.1565,0.1516,0.1556,0.1612,5.4069,5.9795,6.5361,5.4573,5.9181,6.4844,0.0777,0.0822,0.0875,0.0856,0.0907,0.0916,20.764,20.7522,20.7685,20.7648,20.7642,20.761,0.1813,0.1732,0.148,0.2151,0.3708,0.3722
388,Frente_A_Sogamoso,2026-06-08T11:54:49.079444,PRECAUCIÓN,False,0.6362,True,patron_multivariado,0.276,12.4857,0.272,20.3381,0.185,0.244,0.2429,0.2566,0.2655,0.2789,0.2884,9.2466,9.6865,9.2854,8.9738,8.9468,8.5383,0.148,0.1416,0.1388,0.1306,0.1372,0.1334,20.6942,20.6785,20.6663,20.6633,20.6713,20.6658,0.9,0.9,0.9,0.7778,0.5356,0.3918
389,Frente_B_Mongua,2026-06-08T11:54:50.171681,SEGURO,False,0.6194,False,,0.1977,7.6279,0.1766,20.538,0.1153,0.2602,0.2557,0.2592,0.2538,0.2477,0.2477,7.9938,7.9622,7.5693,7.8551,7.848,8.2546,0.1104,0.1131,0.1137,0.1175,0.1161,0.121,20.69,20.6905,20.6979,20.6973,20.6975,20.6942,0.6958,0.6921,0.657,0.6086,0.6331,0.6651
390,Galeria_Central,2026-06-08T11:54:51.209885,PRECAUCIÓN,False,0.6709,True,patron_incendio,0.1035,19.9211,0.3678,20.4938,0.0787,0.1833,0.1746,0.1842,0.1698,0.1743,0.1572,6.7121,6.107,5.396,6.5825,6.0886,6.0572,0.0885,0.0793,0.0842,0.0694,0.0598,0.0565,20.4638,20.461,20.4963,20.4969,20.5577,20.5738,0.4664,0.4453,0.4193,0.2398,0.184,0.1448
391,Bocamina,2026-06-08T11:54:52.252929,PRECAUCIÓN,False,0.635,True,patron_multivariado,0.3429,3.365,0.1059,20.0782,0.0411,0.1569,0.152,0.1558,0.1515,0.1554,0.1611,5.4844,6.0289,6.5337,5.3186,5.7775,6.3646,0.0781,0.0821,0.0877,0.0853,0.0908,0.0918,20.7596,20.7467,20.7658,20.7622,20.7614,20.7571,0.1677,0.161,0.1293,0.2045,0.3823,0.3697
392,Frente_A_Sogamoso,2026-06-08T11:54:53.291665,PRECAUCIÓN,False,0.6358,True,patron_multivariado,0.2755,10.8504,0.2432,20.3678,0.1888,0.2483,0.2472,0.2608,0.2693,0.2836,0.2917,9.1307,9.5635,9.2699,8.9552,8.8839,8.4339,0.1475,0.1409,0.1378,0.1298,0.136,0.1323,20.6965,20.6819,20.6694,20.667,20.6774,20.6727,0.9,0.9,0.9,0.777,0.5333,0.3855
393,Frente_B_Mongua,2026-06-08T11:54:54.326982,SEGURO,False,0.6131,False,,0.1999,6.742,0.1586,20.5683,0.1207,0.2593,0.2552,0.2591,0.2542,0.2479,0.2484,7.9895,7.9637,7.5702,7.8567,7.8389,8.2419,0.1103,0.1131,0.1136,0.1175,0.116,0.1208,20.6907,20.6903,20.6978,20.6968,20.6968,20.6938,0.6923,0.6913,0.6589,0.6095,0.6322,0.6659
394,Galeria_Central,2026-06-08T11:54:55.421763,PRECAUCIÓN,False,0.676,True,patron_incendio,0.1041,21.7642,0.4111,20.4404,0.079,0.2025,0.1918,0.197,0.1825,0.1803,0.1614,7.0122,6.339,5.447,6.548,5.9098,5.7957,0.0927,0.0824,0.086,0.0694,0.0603,0.0575,20.4868,20.4859,20.5176,20.5191,20.5795,20.5958,0.4251,0.4398,0.4402,0.275,0.2202,0.2204
395,Bocamina,2026-06-08T11:54:56.458805,PRECAUCIÓN,False,0.6241,True,patron_multivariado,0.2603,2.9567,0.0944,20.1333,0.0418,0.1562,0.1507,0.1554,0.1516,0.1553,0.1609,5.5422,6.0797,6.5339,5.175,5.6673,6.2537,0.0782,0.0819,0.0879,0.0849,0.0909,0.092,20.7552,20.7414,20.7629,20.7595,20.7586,20.7533,0.156,0.1538,0.1141,0.1941,0.3904,0.3655
396,Frente_A_Sogamoso,2026-06-08T11:54:57.531391,PRECAUCIÓN,False,0.6313,True,patron_multivariado,0.2735,9.5946,0.2167,20.4069,0.1891,0.253,0.2517,0.2648,0.2725,0.2874,0.294,8.9604,9.3771,9.1795,8.8699,8.7581,8.2801,0.1459,0.1392,0.1359,0.1283,0.1339,0.1306,20.6988,20.6855,20.6728,20.6715,20.6838,20.6799,0.9,0.9,0.9,0.765,0.525,0.3758
397,Frente_B_Mongua,2026-06-08T11:54:58.641451,SEGURO,False,0.6122,False,,0.1947,6.1375,0.1449,20.5866,0.1215,0.2578,0.254,0.2581,0.2541,0.248,0.2487,8.0023,7.9846,7.5937,7.8664,7.8344,8.2306,0.1104,0.1132,0.1135,0.1175,0.116,0.1208,20.6914,20.6903,20.6976,20.6962,20.6961,20.6935,0.6841,0.6871,0.6559,0.6078,0.6283,0.6637
398,Galeria_Central,2026-06-08T11:54:59.743371,PRECAUCIÓN,False,0.6831,True,patron_incendio,0.1062,23.0099,0.4448,20.4,0.0794,0.2185,0.2061,0.2077,0.194,0.1857,0.1653,7.1939,6.4409,5.396,6.3853,5.6297,5.4241,0.0958,0.0844,0.0871,0.069,0.0601,0.0581,20.5122,20.5121,20.54,20.5414,20.6,20.6163,0.4144,0.4578,0.4783,0.3243,0.2644,0.2942
399,Bocamina,2026-06-08T11:55:00.852548,SEGURO,False,0.6165,False,,0.2015,2.6683,0.0841,20.2152,0.0408,0.1564,0.1498,0.1553,0.1517,0.1552,0.1607,5.5923,6.1423,6.5434,5.0454,5.6014,6.1645,0.0783,0.0817,0.0879,0.0846,0.0909,0.0924,20.7514,20.7369,20.7602,20.7569,20.7561,20.75,0.1488,0.153,0.1046,0.1855,0.3945,0.3597
400,Frente_A_Sogamoso,2026-06-08T11:55:01.892586,PRECAUCIÓN,False,0.6265,True,patron_multivariado,0.2744,8.6099,0.1959,20.4427,0.1827,0.2578,0.2563,0.2684,0.2749,0.2901,0.2953,8.7523,9.1478,9.0251,8.727,8.5824,8.089,0.1436,0.1368,0.1334,0.1263,0.1314,0.1284,20.7011,20.6894,20.6766,20.6765,20.6901,20.6869,0.9,0.9,0.9,0.7432,0.5117,0.3638
401,Frente_B_Mongua,2026-06-08T11:55:02.936271,SEGURO,False,0.6125,False,,0.1906,5.6655,0.1356,20.599,0.1219,0.2558,0.2524,0.2565,0.2536,0.2479,0.2486,8.0251,8.0167,7.6312,7.8793,7.8319,8.2204,0.1105,0.1132,0.1134,0.1174,0.1161,0.1208,20.692,20.6903,20.6974,20.6956,20.6954,20.6933,0.6726,0.6801,0.6488,0.6039,0.6223,0.6591
402,Galeria_Central,2026-06-08T11:55:03.979236,PRECAUCIÓN,False,0.6831,True,patron_multivariado,0.1021,23.9828,0.4738,20.3578,0.0775,0.2304,0.217,0.2168,0.2048,0.191,0.1697,7.2531,6.4253,5.2639,6.1186,5.2901,4.9979,0.0978,0.0856,0.0878,0.0687,0.0597,0.0589,20.5411,20.5409,20.5651,20.5658,20.6205,20.6371,0.4198,0.4849,0.521,0.3778,0.31,0.3603
403,Bocamina,2026-06-08T11:55:05.058999,SEGURO,False,0.6127,False,,0.1577,2.4634,0.0754,20.3004,0.0411,0.1574,0.1493,0.1555,0.1517,0.1551,0.1605,5.6465,6.2248,6.5678,4.9499,5.5861,6.1067,0.0785,0.0818,0.0879,0.0844,0.091,0.0927,20.7485,20.7335,20.7579,20.7547,20.7542,20.7475,0.1475,0.1586,0.1015,0.1799,0.3947,0.3526
404,Frente_A_Sogamoso,2026-06-08T11:55:06.090697,PRECAUCIÓN,False,0.6236,True,patron_multivariado,0.28,7.8002,0.18,20.464,0.1843,0.2624,0.2605,0.2715,0.2763,0.2916,0.2956,8.5254,8.8985,8.8236,8.5414,8.3732,7.8762,0.1406,0.134,0.1305,0.124,0.1285,0.126,20.7035,20.6935,20.6806,20.6818,20.696,20.6934,0.9,0.9,0.9,0.7137,0.4948,0.3508
405,Frente_B_Mongua,2026-06-08T11:55:07.144136,SEGURO,False,0.611,False,,0.1995,5.3301,0.1279,20.6121,0.1198,0.2536,0.2506,0.2545,0.2527,0.2476,0.2484,8.052,8.0537,7.6757,7.893,7.8308,8.2108,0.1107,0.1133,0.1133,0.1173,0.1163,0.1209,20.6926,20.6904,20.6973,20.6952,20.6948,20.6933,0.6588,0.6711,0.639,0.5983,0.615,0.653
406,Galeria_Central,2026-06-08T11:55:08.190646,PRECAUCIÓN,False,0.6816,True,patron_multivariado,0.1005,24.8197,0.4958,20.3165,0.0784,0.2377,0.2244,0.2237,0.2143,0.1963,0.1745,7.1821,6.2841,5.0402,5.7534,4.9131,4.5466,0.0985,0.086,0.0881,0.0685,0.0594,0.0598,20.5714,20.5705,20.5911,20.5907,20.6404,20.6574,0.4359,0.5156,0.5627,0.4298,0.3535,0.4157
407,Bocamina,2026-06-08T11:55:09.285392,SEGURO,False,0.6096,False,,0.1251,2.2856,0.0699,20.3859,0.0408,0.1589,0.1492,0.1558,0.1517,0.1549,0.1604,5.7052,6.327,6.6092,4.9008,5.6187,6.08,0.0789,0.0821,0.0879,0.0845,0.0911,0.0929,20.7466,20.7314,20.7562,20.7531,20.7528,20.7458,0.1504,0.1682,0.1033,0.1764,0.3912,0.3441
408,Frente_A_Sogamoso,2026-06-08T11:55:10.322535,PRECAUCIÓN,False,0.6213,True,patron_multivariado,0.2797,7.3147,0.1646,20.4977,0.1886,0.2662,0.264,0.2737,0.2768,0.2919,0.295,8.306,8.6588,8.6036,8.3411,8.1572,7.6695,0.1374,0.1311,0.1275,0.1216,0.1256,0.1235,20.7054,20.697,20.6841,20.6865,20.7007,20.6986,0.9,0.9,0.9,0.6803,0.4764,0.3383
409,Frente_B_Mongua,2026-06-08T11:55:11.360120,SEGURO,False,0.6101,False,,0.1956,5.0764,0.1234,20.6269,0.1181,0.2515,0.2488,0.2524,0.2517,0.2472,0.2479,8.0823,8.0944,7.7259,7.91,7.8353,8.2037,0.111,0.1134,0.1133,0.1172,0.1167,0.1211,20.6931,20.6907,20.6972,20.6949,20.6943,20.6935,0.6438,0.6607,0.6274,0.5914,0.6069,0.6458
410,Galeria_Central,2026-06-08T11:55:12.409747,PRECAUCIÓN,False,0.6725,True,patron_multivariado,0.1021,19.278,0.4207,20.3172,0.0806,0.2408,0.2284,0.2283,0.222,0.201,0.1792,6.9869,6.0144,4.7188,5.2994,4.5133,4.0874,0.0981,0.0855,0.0878,0.0681,0.0589,0.0606,20.6,20.5982,20.6159,20.6142,20.6581,20.6757,0.4616,0.5486,0.6021,0.4778,0.3944,0.4607
411,Bocamina,2026-06-08T11:55:13.459617,SEGURO,False,0.6025,False,,0.0993,2.1512,0.0661,20.464,0.0398,0.1608,0.1494,0.156,0.1515,0.1547,0.1602,5.769,6.4456,6.6657,4.903,5.6928,6.0822,0.0796,0.0828,0.088,0.0847,0.0911,0.093,20.7458,20.7307,20.7552,20.7521,20.752,20.7449,0.1571,0.1806,0.1092,0.1754,0.3848,0.3347
412,Frente_A_Sogamoso,2026-06-08T11:55:14.494371,PRECAUCIÓN,False,0.6213,True,patron_multivariado,0.2771,6.9399,0.1549,20.5148,0.1858,0.2695,0.2669,0.2752,0.2765,0.2912,0.2937,8.1031,8.4369,8.3767,8.1364,7.9459,7.4773,0.1341,0.1281,0.1246,0.1194,0.1229,0.1212,20.7071,20.7,20.6872,20.6908,20.7043,20.7025,0.9,0.9,0.9,0.6445,0.4576,0.3272
413,Frente_B_Mongua,2026-06-08T11:55:15.527494,SEGURO,False,0.6098,False,,0.1982,4.8875,0.1172,20.6459,0.1228,0.2495,0.247,0.2502,0.2506,0.2468,0.2473,8.1124,8.1345,7.7761,7.9262,7.842,8.197,0.1113,0.1135,0.1132,0.1171,0.117,0.1214,20.6935,20.6912,20.6972,20.6947,20.6941,20.6938,0.6281,0.6492,0.6147,0.5834,0.5983,0.638
414,Galeria_Central,2026-06-08T11:55:16.625142,PRECAUCIÓN,False,0.67,True,patron_multivariado,0.1018,17.463,0.3979,20.3225,0.0841,0.2381,0.2279,0.2293,0.2266,0.2044,0.1835,6.6445,5.5987,4.2995,4.7825,4.1115,3.6764,0.0961,0.0841,0.0867,0.0677,0.0588,0.0615,20.6258,20.6241,20.6395,20.6371,20.6749,20.6935,0.493,0.5794,0.6357,0.5165,0.4315,0.495
415,Bocamina,2026-06-08T11:55:17.662069,SEGURO,False,0.6013,False,,0.0822,2.0775,0.0625,20.528,0.042,0.1626,0.1497,0.1561,0.1512,0.1543,0.1599,5.8362,6.5739,6.7321,4.954,5.798,6.1074,0.0806,0.0837,0.0881,0.0851,0.0911,0.093,20.7462,20.7314,20.7549,20.7519,20.7519,20.7451,0.1669,0.1949,0.1186,0.1767,0.3765,0.3249
416,Frente_A_Sogamoso,2026-06-08T11:55:18.711429,SEGURO,False,0.6161,True,patron_multivariado,0.2775,6.6951,0.1492,20.526,0.1777,0.272,0.2691,0.2761,0.2755,0.2896,0.2919,7.9271,8.2421,8.1554,7.9381,7.7501,7.3078,0.131,0.1253,0.1219,0.1173,0.1204,0.1192,20.7085,20.7026,20.69,20.6944,20.7069,20.7053,0.9,0.9,0.8849,0.6089,0.4398,0.3185
417,Frente_B_Mongua,2026-06-08T11:55:19.825888,SEGURO,False,0.6089,False,,0.1997,4.7636,0.1143,20.651,0.1241,0.2477,0.2453,0.2481,0.2494,0.2464,0.2466,8.1419,8.1734,7.8249,7.9412,7.8507,8.1897,0.1116,0.1136,0.1132,0.117,0.1174,0.1216,20.6939,20.6918,20.6975,20.6948,20.6941,20.6943,0.612,0.637,0.6015,0.5746,0.5893,0.6298
418,Galeria_Central,2026-06-08T11:55:20.867233,PRECAUCIÓN,False,0.6656,True,patron_multivariado,0.0987,16.1696,0.3814,20.3391,0.0839,0.2321,0.2246,0.2278,0.2287,0.207,0.1875,6.2231,5.0983,3.8365,4.2597,3.7469,3.3298,0.0931,0.0819,0.0848,0.0671,0.0588,0.0624,20.6473,20.6462,20.66,20.6573,20.6891,20.7088,0.5323,0.6117,0.6661,0.5497,0.4669,0.5237
419,Bocamina,2026-06-08T11:55:21.951189,SEGURO,False,0.6027,False,,0.0678,1.9826,0.0601,20.5885,0.0432,0.1644,0.15,0.1559,0.1508,0.1539,0.1594,5.9044,6.704,6.8018,5.0456,5.9214,6.1472,0.0817,0.0849,0.0883,0.0856,0.091,0.0927,20.7476,20.7333,20.7554,20.7523,20.7524,20.7461,0.1787,0.2096,0.1303,0.1799,0.3669,0.3152
420,Frente_A_Sogamoso,2026-06-08T11:55:22.989715,SEGURO,False,0.6117,True,patron_multivariado,0.2806,6.5191,0.1415,20.5471,0.1761,0.2738,0.2707,0.2765,0.274,0.2875,0.2898,7.7852,8.0816,7.9511,7.7559,7.5779,7.1667,0.1281,0.1228,0.1195,0.1156,0.1184,0.1175,20.7096,20.7046,20.6922,20.6973,20.7083,20.7069,0.9,0.9,0.8443,0.5759,0.4241,0.313
421,Frente_B_Mongua,2026-06-08T11:55:24.099166,SEGURO,False,0.6078,False,,0.201,4.6636,0.1097,20.6609,0.1249,0.2462,0.2439,0.2462,0.2482,0.246,0.246,8.1677,8.2079,7.8691,7.9543,7.8611,8.1822,0.112,0.1138,0.1132,0.117,0.1177,0.1218,20.6943,20.6926,20.6978,20.6952,20.6944,20.695,0.5962,0.6245,0.5886,0.5655,0.5805,0.6216
422,Galeria_Central,2026-06-08T11:55:25.144663,PRECAUCIÓN,False,0.6665,True,patron_multivariado,0.1,15.1382,0.3682,20.3529,0.082,0.2245,0.2199,0.2248,0.229,0.209,0.1911,5.7763,4.5703,3.3789,3.7666,3.4351,3.0525,0.0897,0.0794,0.0826,0.0664,0.0589,0.0632,20.6644,20.6643,20.6771,20.6743,20.7004,20.7209,0.5796,0.6482,0.6976,0.5828,0.5045,0.5537
423,Bocamina,2026-06-08T11:55:26.189695,SEGURO,False,0.6005,False,,0.0579,1.934,0.0581,20.6411,0.0434,0.1659,0.1503,0.1555,0.1502,0.1534,0.1588,5.9714,6.8286,6.8691,5.1681,6.0519,6.1951,0.083,0.0861,0.0885,0.0861,0.0909,0.0922,20.7498,20.7362,20.7566,20.7535,20.7536,20.748,0.1916,0.224,0.1436,0.1848,0.3568,0.3059
424,Frente_A_Sogamoso,2026-06-08T11:55:27.236057,PRECAUCIÓN,False,0.6354,True,patron_incendio,0.2844,10.7214,0.2319,20.5263,0.1817,0.275,0.2717,0.2764,0.2722,0.285,0.2875,7.6783,7.955,7.7692,7.5958,7.4342,7.0578,0.1255,0.1206,0.1175,0.1141,0.1167,0.1161,20.7103,20.7061,20.6939,20.6994,20.7087,20.7074,0.8836,0.8857,0.805,0.5455,0.4108,0.3104
425,Frente_B_Mongua,2026-06-08T11:55:28.277840,SEGURO,False,0.6078,False,,0.1995,4.687,0.1082,20.6676,0.1234,0.245,0.2427,0.2446,0.247,0.2455,0.2453,8.1892,8.2376,7.9079,7.9649,7.8724,8.1736,0.1124,0.1141,0.1133,0.117,0.1181,0.122,20.6948,20.6935,20.6984,20.6957,20.6949,20.6958,0.5806,0.612,0.5763,0.5561,0.5719,0.6136
426,Galeria_Central,2026-06-08T11:55:29.351275,PRECAUCIÓN,False,0.6674,True,patron_multivariado,0.1015,14.4081,0.3537,20.3634,0.082,0.2167,0.2146,0.2213,0.2285,0.211,0.1946,5.3451,4.0603,2.9585,3.3228,3.1753,2.8346,0.0861,0.0767,0.0801,0.0656,0.059,0.0638,20.6775,20.6783,20.6905,20.6876,20.7085,20.7297,0.6351,0.6908,0.7336,0.6195,0.5462,0.5885
427,Bocamina,2026-06-08T11:55:30.392906,SEGURO,False,0.6007,False,,0.0505,1.8167,0.0562,20.688,0.041,0.1669,0.1505,0.1549,0.1496,0.1528,0.1579,6.0353,6.9418,6.929,5.3112,6.1802,6.2449,0.0843,0.0874,0.0887,0.0866,0.0906,0.0916,20.7528,20.74,20.7584,20.7554,20.7554,20.7506,0.2049,0.2374,0.1576,0.1908,0.3465,0.2973
428,Frente_A_Sogamoso,2026-06-08T11:55:31.441404,PRECAUCIÓN,False,0.6382,True,patron_incendio,0.2808,13.896,0.305,20.4929,0.1823,0.2751,0.2717,0.2758,0.2702,0.2824,0.2857,7.643,7.9141,7.6484,7.4851,7.3475,7.0002,0.1245,0.1199,0.1169,0.1137,0.1163,0.1159,20.7122,20.7079,20.6961,20.7013,20.7088,20.7073,0.8383,0.8502,0.783,0.5294,0.4056,0.3148
429,Frente_B_Mongua,2026-06-08T11:55:32.502298,SEGURO,False,0.6078,False,,0.2037,4.6165,0.1059,20.6643,0.1207,0.244,0.2417,0.2432,0.246,0.2452,0.2447,8.2061,8.2616,7.94,7.9726,7.8831,8.1635,0.1128,0.1143,0.1134,0.117,0.1184,0.1221,20.6953,20.6945,20.6991,20.6964,20.6956,20.6968,0.5657,0.5998,0.565,0.5469,0.5639,0.606
430,Galeria_Central,2026-06-08T11:55:33.545593,PRECAUCIÓN,False,0.6629,True,patron_multivariado,0.1022,11.4112,0.3005,20.3917,0.0809,0.2092,0.2094,0.2175,0.2274,0.2129,0.1978,4.9372,3.5819,2.5886,2.9446,2.9705,2.6759,0.0827,0.0741,0.0777,0.0648,0.0591,0.0644,20.688,20.6899,20.7015,20.6986,20.7148,20.7365,0.6873,0.7298,0.7671,0.654,0.5869,0.6246
431,Bocamina,2026-06-08T11:55:34.625701,PRECAUCIÓN,False,0.6091,True,incremento_brusco,0.27,1.8423,0.0532,20.5952,0.041,0.1676,0.1505,0.154,0.1488,0.1521,0.1569,6.0952,7.0393,6.9778,5.4651,6.299,6.2922,0.0856,0.0887,0.0889,0.0872,0.0904,0.0909,20.7563,20.7445,20.7609,20.7578,20.7578,20.7539,0.2181,0.2495,0.172,0.1977,0.3364,0.2895
432,Frente_A_Sogamoso,2026-06-08T11:55:35.691585,PRECAUCIÓN,False,0.6428,True,patron_incendio,0.2748,16.2766,0.3626,20.4416,0.1848,0.2737,0.2707,0.2747,0.2684,0.28,0.2845,7.6896,7.9738,7.6181,7.4531,7.3472,7.0145,0.1252,0.1209,0.1179,0.1145,0.1174,0.117,20.7152,20.7099,20.6984,20.703,20.7086,20.7063,0.8237,0.8392,0.7819,0.5307,0.4098,0.3261
433,Frente_B_Mongua,2026-06-08T11:55:36.758724,PRECAUCIÓN,False,0.62,True,patron_incendio,0.1992,9.4231,0.1677,20.6471,0.1256,0.2433,0.2409,0.2421,0.245,0.2449,0.2443,8.2169,8.2792,7.9653,7.9785,7.8945,8.1531,0.1133,0.1146,0.1135,0.117,0.1186,0.1221,20.6958,20.6956,20.6999,20.6972,20.6964,20.6977,0.5519,0.5882,0.5551,0.5381,0.5566,0.5989
434,Galeria_Central,2026-06-08T11:55:37.839055,PRECAUCIÓN,False,0.6509,True,patron_multivariado,0.102,9.1888,0.2559,20.43,0.08,0.2018,0.2039,0.2138,0.2262,0.2149,0.2014,4.572,3.1739,2.3115,2.6626,2.8353,2.5994,0.0796,0.0719,0.0755,0.0645,0.0596,0.0655,20.698,20.7012,20.7124,20.7093,20.721,20.7431,0.7262,0.755,0.788,0.6766,0.6168,0.6518
435,Bocamina,2026-06-08T11:55:38.915120,PRECAUCIÓN,False,0.6176,True,incremento_brusco,0.4313,1.8083,0.0529,20.4358,0.0408,0.1668,0.1499,0.1525,0.1479,0.1515,0.1558,6.1617,7.1169,7.0164,5.6204,6.3865,6.3255,0.0871,0.09,0.0893,0.0877,0.09,0.09,20.7594,20.7483,20.7633,20.7602,20.76,20.7568,0.2253,0.2535,0.1807,0.2032,0.3309,0.2832
436,Frente_A_Sogamoso,2026-06-08T11:55:40.016686,PRECAUCIÓN,False,0.6382,True,patron_multivariado,0.2738,13.6829,0.3139,20.4233,0.179,0.2709,0.2682,0.2729,0.2666,0.2781,0.2839,7.8247,8.1397,7.701,7.5278,7.4568,7.1253,0.1277,0.1235,0.1205,0.1166,0.1201,0.1194,20.7175,20.7106,20.6993,20.7027,20.7066,20.7034,0.8419,0.8528,0.7998,0.5489,0.4227,0.3426
437,Frente_B_Mongua,2026-06-08T11:55:41.114569,PRECAUCIÓN,False,0.6324,True,patron_incendio,0.1971,13.0169,0.2236,20.6146,0.1319,0.2436,0.2411,0.242,0.2446,0.2447,0.244,8.228,8.287,7.9746,7.9837,7.9079,8.15,0.1137,0.1148,0.1137,0.1171,0.1188,0.1222,20.696,20.6964,20.7005,20.6981,20.6974,20.6986,0.5475,0.5829,0.5509,0.5338,0.5544,0.5946
438,Galeria_Central,2026-06-08T11:55:42.160674,PRECAUCIÓN,False,0.6641,True,patron_multivariado,0.1015,13.4221,0.2841,20.4403,0.0812,0.1951,0.1987,0.2107,0.2251,0.2175,0.2056,4.2678,2.8608,2.1509,2.4963,2.7837,2.614,0.0771,0.0702,0.0738,0.0649,0.0608,0.0672,20.7083,20.7125,20.7232,20.7198,20.7273,20.7495,0.7475,0.7629,0.7916,0.6831,0.631,0.6648
439,Bocamina,2026-06-08T11:55:43.208687,PRECAUCIÓN,False,0.6239,True,incremento_brusco,0.5519,1.8068,0.0518,20.2558,0.0422,0.1645,0.1487,0.1508,0.1473,0.1513,0.1548,6.2239,7.1573,7.0407,5.7464,6.4246,6.3344,0.0883,0.0909,0.0896,0.0878,0.0896,0.0892,20.7614,20.7504,20.765,20.7621,20.7614,20.7587,0.2239,0.248,0.1808,0.2054,0.3325,0.2793
440,Frente_A_Sogamoso,2026-06-08T11:55:44.246340,PRECAUCIÓN,False,0.6374,True,patron_multivariado,0.2751,11.6492,0.2757,20.4285,0.1813,0.268,0.2657,0.2712,0.2653,0.2771,0.284,7.9899,8.3318,7.8475,7.6666,7.6248,7.2866,0.1304,0.1263,0.1234,0.119,0.1229,0.1219,20.7182,20.7096,20.6984,20.7008,20.7037,20.6998,0.8756,0.8763,0.8214,0.5714,0.438,0.3591
441,Frente_B_Mongua,2026-06-08T11:55:45.303823,PRECAUCIÓN,False,0.637,True,patron_incendio,0.2004,15.7821,0.268,20.5745,0.1353,0.2452,0.2424,0.2433,0.2448,0.2448,0.2439,8.2339,8.2787,7.9608,7.9855,7.9212,8.1561,0.1139,0.115,0.114,0.1173,0.1188,0.1221,20.6956,20.6969,20.7011,20.6992,20.6987,20.6994,0.555,0.586,0.5547,0.5354,0.5591,0.5944
442,Galeria_Central,2026-06-08T11:55:46.343485,PRECAUCIÓN,False,0.6664,True,patron_incendio,0.0988,16.4583,0.3124,20.4477,0.0793,0.1909,0.1956,0.2095,0.2257,0.2212,0.2106,4.0396,2.6463,2.0951,2.418,2.7987,2.6755,0.0752,0.0691,0.0727,0.0657,0.0622,0.069,20.7178,20.7225,20.7326,20.7285,20.732,20.7543,0.7518,0.7547,0.7792,0.6768,0.6309,0.6654
443,Bocamina,2026-06-08T11:55:47.410465,PRECAUCIÓN,False,0.6275,True,incremento_brusco,0.639,1.8184,0.052,20.0744,0.0422,0.1609,0.1469,0.149,0.1471,0.1517,0.1541,6.273,7.1539,7.0459,5.8134,6.4061,6.3144,0.0891,0.0912,0.0899,0.0875,0.0892,0.0883,20.7617,20.7501,20.7655,20.7629,20.7618,20.759,0.2146,0.2352,0.1728,0.2041,0.3418,0.2782
444,Frente_A_Sogamoso,2026-06-08T11:55:48.489418,PRECAUCIÓN,False,0.6362,True,patron_multivariado,0.2757,10.0834,0.2443,20.4439,0.1831,0.2657,0.2638,0.27,0.2648,0.2771,0.2846,8.148,8.5022,8.0144,7.8299,7.8071,7.4636,0.1327,0.1286,0.1258,0.1211,0.1254,0.124,20.717,20.7075,20.6962,20.6977,20.7003,20.6961,0.9,0.9,0.8391,0.5912,0.4521,0.373
445,Frente_B_Mongua,2026-06-08T11:55:49.546974,PRECAUCIÓN,False,0.6438,True,patron_incendio,0.196,17.7574,0.3069,20.5293,0.1304,0.248,0.2449,0.2459,0.2458,0.2451,0.2442,8.2287,8.2516,7.9226,7.9825,7.9323,8.1711,0.1139,0.1151,0.1143,0.1175,0.1186,0.122,20.6948,20.697,20.7014,20.7002,20.7,20.6998,0.5736,0.5974,0.5668,0.5429,0.5701,0.5992
446,Galeria_Central,2026-06-08T11:55:50.620867,PRECAUCIÓN,False,0.6682,True,patron_incendio,0.0986,18.7599,0.337,20.4401,0.079,0.1895,0.1948,0.2105,0.228,0.2259,0.2161,3.8956,2.532,2.1255,2.4036,2.8533,2.7554,0.074,0.0685,0.0723,0.0668,0.0638,0.0708,20.726,20.7303,20.7399,20.7347,20.7347,20.757,0.7435,0.7353,0.7564,0.6621,0.6199,0.656
447,Bocamina,2026-06-08T11:55:51.668518,PRECAUCIÓN,False,0.6336,True,incremento_brusco,0.7053,1.9129,0.0511,19.8977,0.0428,0.1568,0.1447,0.1475,0.1474,0.1526,0.1536,6.2968,7.1067,7.0295,5.8033,6.3333,6.2663,0.0891,0.0909,0.0899,0.0867,0.0887,0.0876,20.76,20.7474,20.7647,20.7625,20.761,20.7577,0.1984,0.2175,0.1584,0.1991,0.3574,0.2799
448,Frente_A_Sogamoso,2026-06-08T11:55:52.705075,PRECAUCIÓN,False,0.6264,True,patron_multivariado,0.288,8.9246,0.2186,20.4544,0.1861,0.2647,0.2629,0.2698,0.2651,0.278,0.2856,8.2656,8.6159,8.1563,7.9687,7.9554,7.6067,0.1343,0.1303,0.1274,0.1226,0.1271,0.1254,20.7155,20.7056,20.6943,20.6952,20.6981,20.694,0.9,0.9,0.8501,0.6045,0.4626,0.3826
449,Frente_B_Mongua,2026-06-08T11:55:53.742715,PRECAUCIÓN,False,0.6365,True,patron_multivariado,0.1987,14.4277,0.272,20.5153,0.1323,0.2516,0.2482,0.2496,0.2475,0.2458,0.2449,8.2071,8.2038,7.8598,7.9715,7.9371,8.192,0.1137,0.1151,0.1146,0.1176,0.1183,0.1218,20.6938,20.6967,20.7015,20.701,20.7011,20.7,0.6011,0.6159,0.5861,0.5555,0.5862,0.609
450,Galeria_Central,2026-06-08T11:55:54.805314,PRECAUCIÓN,False,0.6719,True,patron_incendio,0.1004,20.5671,0.3602,20.4146,0.0803,0.1904,0.1961,0.2134,0.2319,0.2311,0.2216,3.8289,2.5029,2.21,2.4257,2.9196,2.8277,0.0734,0.0683,0.0725,0.068,0.0653,0.0724,20.7324,20.7356,20.7446,20.7382,20.7354,20.7578,0.7282,0.7107,0.7289,0.6427,0.6013,0.6386
451,Bocamina,2026-06-08T11:55:55.841878,PRECAUCIÓN,False,0.634,True,incremento_brusco,0.7556,1.9732,0.0513,19.7409,0.0428,0.1527,0.1423,0.1463,0.1483,0.1538,0.1534,6.2859,7.0221,6.9899,5.7091,6.2141,6.1938,0.0884,0.0899,0.0896,0.0855,0.0883,0.0873,20.7566,20.7423,20.7626,20.7608,20.7591,20.7549,0.177,0.1972,0.1397,0.1905,0.3773,0.2841
452,Frente_A_Sogamoso,2026-06-08T11:55:56.895630,PRECAUCIÓN,False,0.6252,True,patron_multivariado,0.2855,7.9763,0.1965,20.4698,0.187,0.2647,0.263,0.2702,0.2659,0.2795,0.2868,8.3406,8.6761,8.2602,8.0695,8.0558,7.706,0.135,0.1311,0.1283,0.1235,0.128,0.1262,20.714,20.7041,20.6927,20.6934,20.697,20.6932,0.9,0.9,0.8535,0.6106,0.4691,0.3882
453,Frente_B_Mongua,2026-06-08T11:55:57.972387,PRECAUCIÓN,False,0.6324,True,patron_multivariado,0.2011,11.9895,0.2418,20.5167,0.1311,0.2551,0.2513,0.2532,0.2493,0.2465,0.2459,8.1711,8.1478,7.7893,7.9542,7.9334,8.206,0.1134,0.115,0.1147,0.1178,0.1178,0.1215,20.6931,20.6962,20.7015,20.7014,20.7018,20.6998,0.6268,0.6341,0.6064,0.568,0.6013,0.6202
454,Galeria_Central,2026-06-08T11:55:59.010084,PRECAUCIÓN,False,0.6734,True,patron_incendio,0.0987,21.7796,0.3794,20.403,0.0779,0.193,0.1988,0.2176,0.2366,0.2362,0.2267,3.8229,2.5343,2.3131,2.4573,2.9716,2.8697,0.0732,0.0684,0.0732,0.0692,0.0667,0.0737,20.7367,20.7384,20.7469,20.7394,20.7344,20.757,0.7104,0.6856,0.7013,0.6216,0.5781,0.6149
455,Bocamina,2026-06-08T11:56:00.082950,PRECAUCIÓN,False,0.6428,True,patron_multivariado,0.7914,1.8925,0.0518,19.6033,0.0428,0.149,0.1397,0.1452,0.1494,0.1551,0.1533,6.2362,6.9118,6.9288,5.5367,6.0618,6.1047,0.0869,0.0882,0.089,0.084,0.0881,0.0873,20.7517,20.7353,20.7594,20.7578,20.7561,20.7508,0.1528,0.1768,0.119,0.1789,0.399,0.2905
456,Frente_A_Sogamoso,2026-06-08T11:56:01.126224,PRECAUCIÓN,False,0.6223,True,patron_multivariado,0.276,7.4838,0.1791,20.479,0.1829,0.2656,0.264,0.2713,0.267,0.281,0.2879,8.3718,8.6843,8.3183,8.1251,8.1058,7.7587,0.135,0.1311,0.1283,0.1238,0.1282,0.1263,20.7124,20.7031,20.6916,20.6924,20.6967,20.6935,0.9,0.9,0.8494,0.6097,0.4717,0.3907
457,Frente_B_Mongua,2026-06-08T11:56:02.173554,PRECAUCIÓN,False,0.6257,True,patron_multivariado,0.2049,10.0759,0.2173,20.5133,0.1284,0.2576,0.2536,0.2562,0.2511,0.2473,0.2471,8.1316,8.0966,7.7266,7.9367,7.9247,8.2123,0.1131,0.115,0.1148,0.118,0.1173,0.1212,20.6928,20.6956,20.7015,20.7016,20.702,20.6993,0.6465,0.6489,0.6241,0.5785,0.6129,0.6308
458,Galeria_Central,2026-06-08T11:56:03.209463,PRECAUCIÓN,False,0.6751,True,patron_multivariado,0.0973,22.6254,0.3952,20.3868,0.0782,0.1965,0.2025,0.2226,0.2419,0.2411,0.2312,3.8519,2.5956,2.408,2.4835,3.0025,2.8798,0.0733,0.0687,0.0741,0.0703,0.0678,0.0745,20.7391,20.7391,20.7471,20.7387,20.7324,20.7554,0.6916,0.6611,0.674,0.599,0.5511,0.5857
459,Bocamina,2026-06-08T11:56:04.276744,PRECAUCIÓN,False,0.624,True,patron_multivariado,0.594,1.8371,0.051,19.6155,0.0418,0.1461,0.1372,0.1443,0.1507,0.1562,0.1533,6.1496,6.7891,6.8506,5.3003,5.8911,6.0067,0.0849,0.0861,0.0881,0.0824,0.088,0.0878,20.7458,20.727,20.7552,20.7537,20.7523,20.7459,0.1278,0.1578,0.0983,0.1652,0.4204,0.2985
460,Frente_A_Sogamoso,2026-06-08T11:56:05.343584,PRECAUCIÓN,False,0.6223,True,patron_multivariado,0.2763,6.9237,0.1689,20.4987,0.1817,0.2667,0.265,0.2722,0.268,0.282,0.2884,8.3792,8.6633,8.3476,8.1585,8.1316,7.7998,0.1342,0.1304,0.1277,0.1235,0.1277,0.1259,20.7095,20.7009,20.6896,20.6906,20.6955,20.6929,0.9,0.9,0.8378,0.6039,0.4726,0.3916
461,Frente_B_Mongua,2026-06-08T11:56:06.422638,PRECAUCIÓN,False,0.6204,True,patron_multivariado,0.2068,8.7794,0.1954,20.5127,0.1262,0.2591,0.2551,0.2583,0.2525,0.2479,0.2481,8.0956,8.0565,7.6797,7.9237,7.9155,8.2136,0.1128,0.1149,0.1148,0.1181,0.1169,0.1209,20.6928,20.6951,20.7014,20.7013,20.7017,20.6987,0.6592,0.6592,0.6375,0.5864,0.6204,0.6395
462,Galeria_Central,2026-06-08T11:56:07.492169,PRECAUCIÓN,False,0.6777,True,patron_multivariado,0.0978,23.2238,0.4082,20.3736,0.0782,0.2005,0.2067,0.2279,0.2472,0.2454,0.2351,3.8921,2.6614,2.474,2.4922,3.0055,2.8558,0.0737,0.0691,0.0751,0.0711,0.0686,0.0751,20.7397,20.738,20.7459,20.7367,20.7298,20.7533,0.6726,0.6378,0.6475,0.5753,0.5211,0.552
463,Bocamina,2026-06-08T11:56:08.572777,PRECAUCIÓN,False,0.6202,True,patron_multivariado,0.4462,1.8012,0.0512,19.7042,0.0429,0.1449,0.1355,0.1442,0.1521,0.1572,0.1533,6.0396,6.6727,6.7635,5.0263,5.7296,5.9022,0.0823,0.0837,0.087,0.0808,0.0881,0.0887,20.7398,20.7187,20.7508,20.7492,20.7484,20.7408,0.1081,0.1461,0.0819,0.1522,0.4365,0.3065
464,Frente_A_Sogamoso,2026-06-08T11:56:09.616357,PRECAUCIÓN,False,0.6204,True,patron_multivariado,0.2798,6.6933,0.156,20.5138,0.1769,0.2678,0.266,0.2728,0.2687,0.2823,0.2883,8.3661,8.6218,8.3506,8.1717,8.1366,7.8301,0.1329,0.1292,0.1267,0.1228,0.1268,0.1251,20.7058,20.698,20.6869,20.6882,20.6935,20.6914,0.9,0.9,0.8203,0.5941,0.472,0.3916
465,Frente_B_Mongua,2026-06-08T11:56:10.714508,SEGURO,False,0.6191,False,,0.2025,7.6834,0.1777,20.5334,0.1253,0.2596,0.2557,0.2594,0.2535,0.2483,0.249,8.0684,8.0312,7.6527,7.918,7.9084,8.213,0.1125,0.1148,0.1148,0.1181,0.1166,0.1206,20.693,20.6944,20.7011,20.7007,20.701,20.698,0.6656,0.6654,0.6463,0.5917,0.6242,0.6456
466,Galeria_Central,2026-06-08T11:56:11.821099,PRECAUCIÓN,False,0.6822,True,patron_multivariado,0.0985,23.7324,0.4197,20.3568,0.0804,0.2045,0.2111,0.2332,0.2523,0.2492,0.2384,3.9232,2.7112,2.5004,2.4794,2.9819,2.8029,0.0742,0.0695,0.0762,0.0718,0.0692,0.0753,20.7391,20.7359,20.7438,20.7341,20.7271,20.7513,0.6525,0.6146,0.6207,0.5497,0.4883,0.5145
467,Bocamina,2026-06-08T11:56:12.888481,SEGURO,False,0.617,False,,0.3373,1.7554,0.0514,19.8325,0.0444,0.1456,0.1349,0.1449,0.1533,0.158,0.1535,5.9303,6.5856,6.6845,4.7518,5.6067,5.8124,0.0797,0.0816,0.0859,0.0795,0.0884,0.0899,20.7341,20.7114,20.7464,20.7448,20.7448,20.7361,0.0968,0.1431,0.0787,0.1452,0.4474,0.3137
468,Frente_A_Sogamoso,2026-06-08T11:56:14.004110,SEGURO,False,0.616,True,patron_multivariado,0.2827,6.5455,0.1463,20.5306,0.1726,0.2688,0.2669,0.2731,0.2691,0.282,0.2877,8.3419,8.5709,8.3331,8.169,8.1263,7.8534,0.1312,0.1276,0.1253,0.1219,0.1256,0.1241,20.7013,20.6944,20.6837,20.6854,20.6908,20.6891,0.9,0.8784,0.798,0.5814,0.4702,0.3913
469,Frente_B_Mongua,2026-06-08T11:56:15.124899,SEGURO,False,0.6139,False,,0.1993,6.7307,0.1617,20.5552,0.1283,0.2591,0.2555,0.2595,0.254,0.2486,0.2496,8.0562,8.0242,7.6471,7.9197,7.9028,8.2097,0.1123,0.1147,0.1147,0.1181,0.1164,0.1205,20.6933,20.6938,20.7006,20.6998,20.7,20.6972,0.6664,0.6677,0.6502,0.5944,0.6248,0.6485
470,Galeria_Central,2026-06-08T11:56:16.265873,PRECAUCIÓN,False,0.6685,True,patron_multivariado,0.1003,18.4004,0.3619,20.3661,0.0775,0.2082,0.2152,0.238,0.257,0.2524,0.241,3.9316,2.7308,2.4808,2.4414,2.9318,2.7234,0.0747,0.0698,0.0771,0.0722,0.0694,0.0753,20.7376,20.7331,20.7412,20.7312,20.7248,20.7497,0.6317,0.5917,0.5939,0.523,0.4541,0.4752
471,Bocamina,2026-06-08T11:56:17.381491,SEGURO,False,0.6123,False,,0.2582,1.7406,0.0511,19.9662,0.0449,0.1478,0.1352,0.1461,0.1542,0.1585,0.1539,5.8448,6.5439,6.63,4.514,5.5402,5.7536,0.0775,0.0798,0.0849,0.0787,0.0888,0.0913,20.7293,20.7055,20.7426,20.7409,20.7418,20.7322,0.0951,0.1487,0.0818,0.1414,0.4512,0.318
472,Frente_A_Sogamoso,2026-06-08T11:56:18.425317,SEGURO,False,0.6127,False,,0.2831,6.4074,0.1388,20.5465,0.1746,0.2695,0.2675,0.2729,0.269,0.281,0.2866,8.3142,8.5189,8.3014,8.1564,8.1079,7.875,0.1292,0.1257,0.1238,0.1208,0.1242,0.1229,20.6965,20.6902,20.68,20.6822,20.6873,20.686,0.8793,0.8466,0.7723,0.5669,0.4678,0.3911
473,Frente_B_Mongua,2026-06-08T11:56:19.476041,SEGURO,False,0.6128,False,,0.1995,6.19,0.1475,20.5692,0.1253,0.2579,0.2546,0.2589,0.2541,0.2487,0.25,8.0592,8.0344,7.6614,7.9271,7.8986,8.2059,0.1122,0.1146,0.1146,0.1181,0.1164,0.1204,20.6937,20.6932,20.7001,20.6989,20.6989,20.6965,0.6627,0.6667,0.6494,0.5947,0.6226,0.6488
474,Galeria_Central,2026-06-08T11:56:20.528373,PRECAUCIÓN,False,0.6637,True,patron_multivariado,0.1006,14.4316,0.3111,20.3921,0.0795,0.2104,0.2179,0.2414,0.2602,0.2545,0.2429,3.8957,2.7145,2.4298,2.4107,2.8786,2.6649,0.0751,0.0702,0.0778,0.0726,0.0696,0.0754,20.7363,20.7314,20.7398,20.7299,20.7243,20.7499,0.6065,0.565,0.5621,0.4891,0.4148,0.4316
475,Bocamina,2026-06-08T11:56:21.608309,SEGURO,False,0.6068,False,,0.1983,1.7431,0.0505,20.108,0.0418,0.1508,0.1362,0.1478,0.1548,0.1588,0.1545,5.7935,6.552,6.6085,4.3393,5.5349,5.7331,0.076,0.0787,0.0843,0.0784,0.0892,0.0926,20.7257,20.7014,20.7397,20.7376,20.7394,20.7292,0.1024,0.1612,0.0887,0.1402,0.4488,0.3192
476,Frente_A_Sogamoso,2026-06-08T11:56:22.697520,SEGURO,False,0.6129,False,,0.2855,6.2581,0.1335,20.5576,0.1789,0.2704,0.2682,0.2728,0.2688,0.2798,0.2853,8.2732,8.4564,8.242,8.1153,8.0643,7.8676,0.1271,0.1238,0.1221,0.1196,0.1227,0.1216,20.6926,20.6871,20.6774,20.68,20.6845,20.6836,0.84,0.8125,0.7456,0.5508,0.4637,0.3906
477,Frente_B_Mongua,2026-06-08T11:56:23.811871,SEGURO,False,0.6121,False,,0.1996,5.6323,0.139,20.5918,0.1265,0.2562,0.2532,0.2575,0.2538,0.2486,0.25,8.0727,8.0566,7.6899,7.9382,7.8962,8.2024,0.1121,0.1145,0.1145,0.118,0.1164,0.1205,20.6939,20.6927,20.6995,20.6979,20.6978,20.6959,0.6555,0.663,0.6446,0.5928,0.6182,0.6466
478,Galeria_Central,2026-06-08T11:56:24.927106,PRECAUCIÓN,False,0.6682,True,patron_multivariado,0.1014,19.0546,0.3302,20.4021,0.0778,0.2104,0.2184,0.2424,0.2611,0.255,0.2437,3.8225,2.6522,2.3456,2.3785,2.827,2.6318,0.0752,0.0701,0.0779,0.0727,0.0697,0.0754,20.7342,20.7296,20.7384,20.729,20.7244,20.7504,0.5969,0.5543,0.5441,0.4656,0.3876,0.4004
479,Bocamina,2026-06-08T11:56:26.053391,SEGURO,False,0.6011,False,,0.1569,1.8447,0.0498,20.2294,0.0413,0.1543,0.1379,0.1496,0.1551,0.1588,0.1552,5.7788,6.6069,6.6227,4.2436,5.588,5.7517,0.0752,0.0783,0.084,0.0786,0.0896,0.0937,20.7235,20.6993,20.7377,20.7353,20.7378,20.7273,0.1172,0.1788,0.0984,0.1415,0.4415,0.3176
480,Frente_A_Sogamoso,2026-06-08T11:56:27.091268,SEGURO,False,0.6127,False,,0.285,6.1544,0.1288,20.5672,0.1797,0.2712,0.2689,0.2726,0.2682,0.2783,0.2839,8.228,8.3922,8.1661,8.0562,8.0064,7.8411,0.1251,0.1219,0.1205,0.1184,0.1213,0.1204,20.6898,20.6848,20.6756,20.6786,20.6825,20.6817,0.7994,0.7782,0.7194,0.5343,0.4588,0.3905
481,Frente_B_Mongua,2026-06-08T11:56:28.138916,SEGURO,False,0.6121,False,,0.1933,5.3616,0.1308,20.6107,0.1231,0.2543,0.2516,0.2557,0.2531,0.2484,0.2498,8.0951,8.0884,7.7292,7.9522,7.8964,8.1993,0.1121,0.1144,0.1143,0.1178,0.1166,0.1207,20.6941,20.6924,20.6989,20.6971,20.6969,20.6955,0.6456,0.657,0.6365,0.589,0.6122,0.6425
482,Galeria_Central,2026-06-08T11:56:29.188084,PRECAUCIÓN,False,0.6734,True,patron_multivariado,0.1042,22.4812,0.3536,20.4022,0.0769,0.2099,0.2183,0.2425,0.2613,0.2551,0.2441,3.731,2.5574,2.2472,2.3364,2.7911,2.6101,0.075,0.0698,0.0777,0.0725,0.0695,0.0754,20.7318,20.7276,20.7368,20.728,20.7242,20.7505,0.5948,0.5515,0.5341,0.4518,0.3714,0.3812
483,Bocamina,2026-06-08T11:56:30.229026,SEGURO,False,0.6015,False,,0.1233,1.7941,0.0499,20.3365,0.0406,0.158,0.1398,0.1512,0.1551,0.1585,0.156,5.7945,6.6989,6.6674,4.2302,5.6888,5.8027,0.0752,0.0785,0.0839,0.0791,0.09,0.0945,20.7228,20.6991,20.7367,20.7339,20.7369,20.7266,0.1373,0.1993,0.1096,0.1451,0.4307,0.3136
484,Frente_A_Sogamoso,2026-06-08T11:56:31.273381,SEGURO,False,0.6129,False,,0.2852,6.2131,0.1269,20.5718,0.1804,0.272,0.2695,0.2724,0.2674,0.2767,0.2823,8.1836,8.3303,8.0801,7.9856,7.9415,7.8039,0.1232,0.1202,0.119,0.1173,0.12,0.1193,20.6877,20.6833,20.6746,20.6778,20.6808,20.6802,0.7592,0.7446,0.6942,0.5182,0.4535,0.3908
485,Frente_B_Mongua,2026-06-08T11:56:32.317667,SEGURO,False,0.6101,False,,0.2007,5.0089,0.1231,20.6239,0.1166,0.2522,0.2498,0.2536,0.2522,0.2481,0.2493,8.1213,8.1241,7.7724,7.9649,7.8962,8.1948,0.1122,0.1144,0.1142,0.1177,0.1169,0.1209,20.6943,20.6923,20.6985,20.6964,20.6961,20.6953,0.6338,0.6492,0.6262,0.5836,0.605,0.637
486,Galeria_Central,2026-06-08T11:56:33.363714,PRECAUCIÓN,False,0.6819,True,patron_incendio,0.1037,24.9853,0.3771,20.3824,0.0818,0.2099,0.2185,0.2425,0.2615,0.2552,0.2445,3.6457,2.4623,2.1578,2.2914,2.7679,2.5925,0.0747,0.0693,0.0774,0.0722,0.0693,0.0753,20.7296,20.7258,20.7352,20.7266,20.7235,20.7501,0.5963,0.5527,0.5301,0.446,0.364,0.3722
487,Bocamina,2026-06-08T11:56:34.411489,SEGURO,False,0.6016,False,,0.0983,1.7544,0.0505,20.4303,0.0394,0.1616,0.1419,0.1527,0.1549,0.1581,0.1567,5.8331,6.8159,6.7349,4.2927,5.8239,5.877,0.0758,0.0793,0.0841,0.08,0.0903,0.0949,20.7236,20.7008,20.7368,20.7335,20.7369,20.727,0.1605,0.2207,0.1214,0.1503,0.4178,0.3079
488,Frente_A_Sogamoso,2026-06-08T11:56:35.466031,SEGURO,False,0.6129,False,,0.2851,6.1391,0.1279,20.5858,0.1851,0.2727,0.27,0.2722,0.2666,0.2751,0.2809,8.147,8.2772,7.9948,7.9127,7.8777,7.7634,0.1216,0.1187,0.1177,0.1163,0.1188,0.1183,20.6864,20.6823,20.6741,20.6775,20.6795,20.6791,0.722,0.7137,0.6715,0.5037,0.4489,0.3924
489,Frente_B_Mongua,2026-06-08T11:56:36.511360,SEGURO,False,0.6098,False,,0.2011,4.8705,0.1184,20.6303,0.116,0.2502,0.248,0.2515,0.2512,0.2476,0.2487,8.1492,8.1616,7.818,7.978,7.8992,8.1904,0.1123,0.1144,0.1141,0.1176,0.1172,0.1211,20.6945,20.6923,20.6983,20.696,20.6956,20.6953,0.6207,0.64,0.6144,0.577,0.597,0.6305
490,Galeria_Central,2026-06-08T11:56:37.560236,PRECAUCIÓN,False,0.6828,True,patron_incendio,0.1061,26.8711,0.3976,20.3594,0.0816,0.2102,0.2189,0.2426,0.2618,0.2553,0.2447,3.5801,2.3831,2.082,2.2404,2.7433,2.5645,0.0744,0.069,0.0772,0.0718,0.0691,0.075,20.7278,20.7241,20.7335,20.725,20.7223,20.7493,0.6012,0.5579,0.5324,0.4473,0.3637,0.3707
491,Bocamina,2026-06-08T11:56:38.598432,SEGURO,False,0.6019,False,,0.0808,1.771,0.0513,20.5087,0.0401,0.1648,0.1439,0.1537,0.1545,0.1574,0.1573,5.8866,6.9451,6.8153,4.4181,5.9785,5.9634,0.0768,0.0805,0.0844,0.0809,0.0904,0.0949,20.7259,20.7041,20.7378,20.7342,20.7377,20.7285,0.1855,0.2419,0.1331,0.1568,0.4037,0.301
492,Frente_A_Sogamoso,2026-06-08T11:56:39.690038,SEGURO,False,0.6129,False,,0.2854,6.033,0.1294,20.5792,0.1828,0.2732,0.2704,0.2719,0.2656,0.2735,0.2795,8.1182,8.2334,7.9146,7.8436,7.8213,7.7271,0.1201,0.1175,0.1166,0.1155,0.118,0.1176,20.6856,20.6818,20.674,20.6774,20.6784,20.6781,0.6881,0.6856,0.651,0.4907,0.4451,0.395
493,Frente_B_Mongua,2026-06-08T11:56:40.726996,SEGURO,False,0.6078,False,,0.1989,4.7723,0.1141,20.6393,0.1146,0.2485,0.2463,0.2494,0.25,0.2472,0.248,8.1738,8.196,7.861,7.9892,7.9038,8.1861,0.1125,0.1144,0.114,0.1175,0.1175,0.1214,20.6946,20.6926,20.6982,20.6958,20.6953,20.6955,0.6069,0.6298,0.6021,0.5695,0.5886,0.6236
494,Galeria_Central,2026-06-08T11:56:41.777622,PRECAUCIÓN,False,0.6819,True,patron_multivariado,0.1044,28.2404,0.4163,20.3424,0.0833,0.2107,0.2193,0.2427,0.262,0.2553,0.2446,3.5356,2.3227,2.0193,2.1835,2.7118,2.522,0.0742,0.0687,0.077,0.0715,0.0688,0.0748,20.7266,20.7228,20.732,20.7233,20.7209,20.7483,0.6083,0.566,0.5396,0.4532,0.3683,0.3741
495,Bocamina,2026-06-08T11:56:42.829694,SEGURO,False,0.6015,False,,0.0686,1.7429,0.0512,20.575,0.0395,0.1676,0.1458,0.1543,0.1539,0.1566,0.1576,5.9468,7.0749,6.899,4.5905,6.139,6.0526,0.0783,0.082,0.0847,0.0819,0.0904,0.0946,20.7293,20.7088,20.7397,20.7357,20.7393,20.7309,0.21,0.2614,0.1518,0.1681,0.3914,0.2949
496,Frente_A_Sogamoso,2026-06-08T11:56:43.944332,SEGURO,False,0.6114,False,,0.2821,5.829,0.1277,20.5857,0.1848,0.2735,0.2706,0.2716,0.2646,0.272,0.2783,8.1017,8.2033,7.8467,7.7842,7.7763,7.6992,0.119,0.1165,0.1158,0.115,0.1173,0.1171,20.6852,20.6815,20.6741,20.6774,20.6774,20.6771,0.6598,0.6618,0.6341,0.4805,0.4426,0.3988
497,Frente_B_Mongua,2026-06-08T11:56:45.057729,SEGURO,False,0.6087,False,,0.1953,4.7739,0.1114,20.6505,0.1175,0.2469,0.2448,0.2474,0.2488,0.2467,0.2472,8.1941,8.2258,7.8993,7.9976,7.9089,8.1807,0.1127,0.1145,0.1139,0.1174,0.1179,0.1216,20.6948,20.6931,20.6983,20.6958,20.6952,20.6958,0.593,0.6192,0.5899,0.5616,0.5803,0.6166
498,Galeria_Central,2026-06-08T11:56:46.185629,PRECAUCIÓN,False,0.6725,True,patron_multivariado,0.1062,21.6363,0.3667,20.3454,0.0835,0.2112,0.2197,0.2428,0.2622,0.2551,0.2442,3.505,2.2725,1.961,2.1176,2.67,2.4641,0.074,0.0685,0.0769,0.0712,0.0685,0.0744,20.7257,20.7216,20.7306,20.7216,20.7193,20.7472,0.6179,0.577,0.5512,0.4628,0.3763,0.3803
499,Bocamina,2026-06-08T11:56:47.314538,SEGURO,False,0.6012,False,,0.0597,1.7923,0.0507,20.6327,0.0378,0.1699,0.1474,0.1545,0.1531,0.1556,0.1576,6.0084,7.1954,6.9779,4.793,6.2934,6.1369,0.0799,0.0837,0.0852,0.0828,0.0902,0.0939,20.7337,20.7145,20.7424,20.7381,20.7414,20.7342,0.2328,0.2781,0.1699,0.1799,0.3791,0.2886
500,Frente_A_Sogamoso,2026-06-08T11:56:48.448282,SEGURO,False,0.6114,False,,0.2818,5.8287,0.1259,20.5945,0.1801,0.2737,0.2708,0.2712,0.2636,0.2707,0.2773,8.0938,8.1824,7.7906,7.7352,7.7436,7.6814,0.1182,0.1159,0.1152,0.1146,0.1169,0.1168,20.6849,20.6814,20.6742,20.6773,20.6764,20.6762,0.6363,0.6415,0.6197,0.4723,0.4413,0.4033
